DateTime,CNN_LSTM_Load_kW,Statistical_Load_kW,PV_Est_kW
2026-03-02 00:00:00,1896.4618,2150.202,0.0
2026-03-02 00:05:00,1973.17,2124.054,0.0
2026-03-02 00:10:00,2033.2838,2146.236,0.0
2026-03-02 00:15:00,2048.2715,2147.53875,0.0
2026-03-02 00:20:00,2070.943,2158.567,0.0
2026-03-02 00:25:00,2098.487,2321.2075000000004,0.0
2026-03-02 00:30:00,2097.0515,2325.9635,0.0
2026-03-02 00:35:00,2131.497,2325.70325,0.0
2026-03-02 00:40:00,2136.2104,2347.91825,0.0
2026-03-02 00:45:00,2131.986,2322.44875,0.0
2026-03-02 00:50:00,2120.1123,2263.7344999999996,0.0
2026-03-02 00:55:00,2109.678,2162.8515,0.0
2026-03-02 01:00:00,1987.2697,2119.96525,0.0
2026-03-02 01:05:00,1907.8741,2039.2285000000002,0.0
2026-03-02 01:10:00,1875.407,1970.93525,0.0
2026-03-02 01:15:00,1880.7631,1924.3342499999999,0.0
2026-03-02 01:20:00,1883.6466,1878.857,0.0
2026-03-02 01:25:00,1836.2323,1848.3764999999999,0.0
2026-03-02 01:30:00,1873.093,1841.87825,0.0
2026-03-02 01:35:00,1976.724,1847.1927500000002,0.0
2026-03-02 01:40:00,2084.1968,2090.98275,0.0
2026-03-02 01:45:00,2089.8672,2355.45075,0.0
2026-03-02 01:50:00,2072.6858,2316.86675,0.0
2026-03-02 01:55:00,2065.6272,2339.317,0.0
2026-03-02 02:00:00,2080.2695,2321.764,0.0
2026-03-02 02:05:00,2052.589,2244.59525,0.0
2026-03-02 02:10:00,2002.852,2211.315,0.0
2026-03-02 02:15:00,1957.2548,2173.09825,0.0
2026-03-02 02:20:00,1920.7006,2096.7525,0.0
2026-03-02 02:25:00,1868.817,2035.64175,0.0
2026-03-02 02:30:00,1833.7278,1969.67425,0.0
2026-03-02 02:35:00,1788.9225,1905.06525,0.0
2026-03-02 02:40:00,1774.326,1875.5120000000002,0.0
2026-03-02 02:45:00,1741.6508,1873.6615,0.0
2026-03-02 02:50:00,1705.2784,1830.4275,0.0
2026-03-02 02:55:00,1691.061,1796.1440000000002,0.0
2026-03-02 03:00:00,1714.8058,1783.93825,0.0
2026-03-02 03:05:00,1791.5756,1759.3400000000001,0.0
2026-03-02 03:10:00,1781.0592,1791.0805,0.0
2026-03-02 03:15:00,1804.4987,1853.4784999999997,0.0
2026-03-02 03:20:00,1784.834,1879.07025,0.0
2026-03-02 03:25:00,1756.2382,1897.81125,0.0
2026-03-02 03:30:00,1814.135,1894.65325,0.0
2026-03-02 03:35:00,2024.6089,2036.7925,0.0
2026-03-02 03:40:00,2283.055,2418.242,0.0
2026-03-02 03:45:00,2332.7603,2527.911,0.0
2026-03-02 03:50:00,2291.293,2529.7185,0.0
2026-03-02 03:55:00,2296.3335,2506.9764999999998,0.0
2026-03-02 04:00:00,2222.8035,2442.749,0.0
2026-03-02 04:05:00,2143.8723,2379.9265,0.0
2026-03-02 04:10:00,2081.6584,2301.67925,0.0
2026-03-02 04:15:00,2043.796,2248.47675,0.0
2026-03-02 04:20:00,2006.5371,2215.00475,0.0
2026-03-02 04:25:00,1942.5509,2149.39075,0.0
2026-03-02 04:30:00,1925.4803,2122.118,0.0
2026-03-02 04:35:00,1897.3767,2103.37075,0.0
2026-03-02 04:40:00,1892.3955,2044.145,0.0
2026-03-02 04:45:00,1867.5211,2019.6260000000002,0.0
2026-03-02 04:50:00,1836.0417,2035.4959999999999,0.0
2026-03-02 04:55:00,1828.6381,2044.0435,0.0
2026-03-02 05:00:00,1830.6268,2005.2024999999999,0.0
2026-03-02 05:05:00,1845.7102,1984.39475,0.0
2026-03-02 05:10:00,1834.3846,1952.716,0.0
2026-03-02 05:15:00,1822.1697,1995.48825,0.0
2026-03-02 05:20:00,1839.2108,1955.18325,0.0
2026-03-02 05:25:00,1837.4822,1968.24525,0.0
2026-03-02 05:30:00,1830.0278,2018.68925,0.0
2026-03-02 05:35:00,1934.6284,2053.16425,0.0
2026-03-02 05:40:00,1972.0865,2030.5945000000002,0.0
2026-03-02 05:45:00,1962.0858,2084.36275,0.00011142858
2026-03-02 05:50:00,1961.4186,2098.83125,8.914286e-05
2026-03-02 05:55:00,1950.6439,2207.8725,5.2000003e-05
2026-03-02 06:00:00,2041.3678,2224.2505,0.0
2026-03-02 06:05:00,2077.762,2269.89075,0.0
2026-03-02 06:10:00,2093.5247,2296.88525,0.0
2026-03-02 06:15:00,2086.1904,2393.8535,0.0
2026-03-02 06:20:00,2101.2246,2403.9530000000004,0.0
2026-03-02 06:25:00,2117.2568,2381.15375,0.0
2026-03-02 06:30:00,2105.305,2384.693,0.0
2026-03-02 06:35:00,2168.8853,2435.9559999999997,0.0
2026-03-02 06:40:00,2168.7295,2402.19925,0.0
2026-03-02 06:45:00,2154.503,2370.1147499999997,0.0
2026-03-02 06:50:00,2149.303,2424.3165,0.0
2026-03-02 06:55:00,2146.4985,2456.3835,0.0
2026-03-02 07:00:00,2195.6702,2542.27625,0.0
2026-03-02 07:05:00,2172.693,2498.3807500000003,0.0033004063
2026-03-02 07:10:00,2162.7048,2420.185,0.008206415
2026-03-02 07:15:00,2159.0242,2411.1369999999997,0.026596742
2026-03-02 07:20:00,2183.8657,2438.893,0.044430394
2026-03-02 07:25:00,2186.9058,2495.91325,0.069028534
2026-03-02 07:30:00,2195.9958,2486.0885,0.13957272
2026-03-02 07:35:00,2281.6975,2568.11375,0.19709359
2026-03-02 07:40:00,2309.1934,2613.229,0.26920617
2026-03-02 07:45:00,2285.1528,2618.32675,0.5293439
2026-03-02 07:50:00,2292.2344,2639.627,0.68774015
2026-03-02 07:55:00,2289.4448,2653.71275,0.8755618
2026-03-02 08:00:00,2415.5413,2652.25975,1.8495293
2026-03-02 08:05:00,2427.312,2651.525,2.2791486
2026-03-02 08:10:00,2411.753,2683.67225,2.7631967
2026-03-02 08:15:00,2386.2031,2640.2555,4.9696302
2026-03-02 08:20:00,2392.9604,2654.9042499999996,5.8440943
2026-03-02 08:25:00,2388.9392,2671.77525,6.779882
2026-03-02 08:30:00,2395.426,2707.74775,10.429247
2026-03-02 08:35:00,2402.1702,2774.5245,11.824017
2026-03-02 08:40:00,2405.3442,2720.36475,13.2743635
2026-03-02 08:45:00,2386.2053,2718.1515,17.875914
2026-03-02 08:50:00,2357.0642,2660.60725,19.73322
2026-03-02 08:55:00,2359.946,2653.34475,21.625444
2026-03-02 09:00:00,2367.5723,2708.00575,28.1081
2026-03-02 09:05:00,2358.325,2684.7104999999997,30.40926
2026-03-02 09:10:00,2315.706,2653.062,32.719685
2026-03-02 09:15:00,2286.4543,2622.61475,38.158634
2026-03-02 09:20:00,2265.075,2615.33025,40.673496
2026-03-02 09:25:00,2230.2185,2610.5735,43.178265
2026-03-02 09:30:00,2222.1204,2667.00425,49.46549
2026-03-02 09:35:00,2180.9883,2628.6515,52.136738
2026-03-02 09:40:00,2173.51,2538.8334999999997,54.77519
2026-03-02 09:45:00,2141.6948,2482.5105000000003,63.193115
2026-03-02 09:50:00,2108.2676,2496.63125,66.006874
2026-03-02 09:55:00,2100.6836,2433.5992499999998,68.760414
2026-03-02 10:00:00,2125.9697,2467.11075,79.896805
2026-03-02 10:05:00,2116.899,2454.75675,82.82111
2026-03-02 10:10:00,2108.7,2410.162,85.664635
2026-03-02 10:15:00,2115.2778,2418.307,91.51153
2026-03-02 10:20:00,2105.602,2418.1575000000003,94.29157
2026-03-02 10:25:00,2088.7256,2429.2529999999997,96.990326
2026-03-02 10:30:00,2078.5234,2389.74125,108.3512
2026-03-02 10:35:00,2083.4563,2382.8199999999997,111.11991
2026-03-02 10:40:00,2094.0205,2400.3875000000003,113.807785
2026-03-02 10:45:00,2056.489,2377.121,134.1748
2026-03-02 10:50:00,2048.2715,2200.0615,137.09215
2026-03-02 10:55:00,2037.407,2376.8495000000003,139.92216
2026-03-02 11:00:00,2027.9673,2414.3095,153.91579
2026-03-02 11:05:00,1993.4097,2456.42875,156.78365
2026-03-02 11:10:00,2002.7029,2283.0297499999997,159.5667
2026-03-02 11:15:00,2030.0471,2261.753,157.01447
2026-03-02 11:20:00,2048.878,2294.7110000000002,159.54936
2026-03-02 11:25:00,2045.5836,2329.9465,162.0113
2026-03-02 11:30:00,2043.0055,2329.817,170.18076
2026-03-02 11:35:00,2112.8416,2335.6267500000004,172.58765
2026-03-02 11:40:00,2162.1184,2464.3715,174.9316
2026-03-02 11:45:00,2150.6167,2467.8585,167.48463
2026-03-02 11:50:00,2162.682,2497.74,169.58986
2026-03-02 11:55:00,2138.6306,2499.74975,171.64455
2026-03-02 12:00:00,2181.2014,2419.39225,194.53091
2026-03-02 12:05:00,2056.4053,2225.8732499999996,196.72939
2026-03-02 12:10:00,1961.7615,2069.5412499999998,198.86456
2026-03-02 12:15:00,1929.6123,1993.2330000000002,224.53716
2026-03-02 12:20:00,1867.9847,1949.8295,226.74083
2026-03-02 12:25:00,1783.2484,1959.01675,228.82912
2026-03-02 12:30:00,1769.6517,2002.9555000000003,237.34999
2026-03-02 12:35:00,1729.8702,1958.2042500000002,239.21434
2026-03-02 12:40:00,1764.8188,1989.7214999999999,240.91791
2026-03-02 12:45:00,1736.3087,1824.7530000000002,248.09135
2026-03-02 12:50:00,1705.99,1834.9335,249.4468
2026-03-02 12:55:00,1709.0779,1832.2644999999998,250.59068
2026-03-02 13:00:00,1717.146,1809.10625,246.64494
2026-03-02 13:05:00,1714.9127,1845.845,247.29805
2026-03-02 13:10:00,1727.1222,1853.951,247.71297
2026-03-02 13:15:00,1761.3037,1894.16825,237.79701
2026-03-02 13:20:00,1768.0034,1846.0402499999998,237.75648
2026-03-02 13:25:00,1776.6642,1899.234,237.50587
2026-03-02 13:30:00,1754.6204,1947.49575,245.81818
2026-03-02 13:35:00,1794.8696,1923.49225,245.14175
2026-03-02 13:40:00,1809.9884,1922.2145000000003,244.26279
2026-03-02 13:45:00,1807.882,1868.5355,247.1764
2026-03-02 13:50:00,1819.0881,1874.7437499999999,245.89458
2026-03-02 13:55:00,1804.0059,1835.56025,244.42241
2026-03-02 14:00:00,1793.0986,1906.4882499999999,234.19463
2026-03-02 14:05:00,1727.5444,1885.37175,232.43347
2026-03-02 14:10:00,1708.0083,1904.31275,230.49622
2026-03-02 14:15:00,1712.8425,1921.87275,243.39828
2026-03-02 14:20:00,1706.8417,2000.27225,240.94221
2026-03-02 14:25:00,1702.0535,2004.8342499999999,238.27849
2026-03-02 14:30:00,1694.6473,1945.53125,236.51636
2026-03-02 14:35:00,1722.048,1838.6015000000002,233.4026
2026-03-02 14:40:00,1761.1135,1961.634,230.06013
2026-03-02 14:45:00,1759.171,2036.20725,236.20195
2026-03-02 14:50:00,1774.4707,2013.0302499999998,232.2181
2026-03-02 14:55:00,1763.6372,2042.67775,227.9748
2026-03-02 15:00:00,1744.6128,1957.7135000000003,235.35257
2026-03-02 15:05:00,1739.445,1978.1635,230.31938
2026-03-02 15:10:00,1759.5457,2019.87025,225.03937
2026-03-02 15:15:00,1764.6484,2018.22775,233.74518
2026-03-02 15:20:00,1792.0596,2154.609,227.71538
2026-03-02 15:25:00,1823.1367,2144.63775,221.54012
2026-03-02 15:30:00,1813.2848,2169.8635,220.58301
2026-03-02 15:35:00,1885.8561,2216.187,214.09654
2026-03-02 15:40:00,1923.1565,2223.2535,207.59085
2026-03-02 15:45:00,1951.3232,2212.77775,192.31569
2026-03-02 15:50:00,1965.7996,2247.42175,186.18182
2026-03-02 15:55:00,1952.8254,2284.2349999999997,180.14911
2026-03-02 16:00:00,1967.0339,2310.7644999999998,153.02887
2026-03-02 16:05:00,1995.3418,2304.0485000000003,148.01808
2026-03-02 16:10:00,2008.4008,2356.77225,143.14053
2026-03-02 16:15:00,2026.509,2372.6795,126.462395
2026-03-02 16:20:00,2033.803,2394.853,122.18561
2026-03-02 16:25:00,2050.4785,2358.46125,117.96047
2026-03-02 16:30:00,2042.5598,2409.6895,114.23955
2026-03-02 16:35:00,2060.254,2441.926,110.02643
2026-03-02 16:40:00,2071.4597,2419.92875,105.79849
2026-03-02 16:45:00,2076.0105,2452.195,101.324394
2026-03-02 16:50:00,2074.696,2433.81375,96.99006
2026-03-02 16:55:00,2065.9502,2478.8140000000003,92.56326
2026-03-02 17:00:00,2119.8928,2489.6475,87.238754
2026-03-02 17:05:00,2125.9766,2479.55825,82.601906
2026-03-02 17:10:00,2139.922,2479.1295,77.85876
2026-03-02 17:15:00,2159.3357,2525.0760000000005,72.8893
2026-03-02 17:20:00,2178.8398,2568.16,68.02392
2026-03-02 17:25:00,2195.3186,2623.3622499999997,63.14756
2026-03-02 17:30:00,2206.581,2617.685,62.463158
2026-03-02 17:35:00,2249.0232,2582.054,57.295795
2026-03-02 17:40:00,2276.8542,2602.26975,52.20684
2026-03-02 17:45:00,2289.2217,2632.2917500000003,36.41525
2026-03-02 17:50:00,2298.523,2705.61625,32.694534
2026-03-02 17:55:00,2291.2378,2774.725,29.109833
2026-03-02 18:00:00,2357.8025,2732.1310000000003,19.680387
2026-03-02 18:05:00,2383.0308,2781.7335000000003,17.202974
2026-03-02 18:10:00,2386.8662,2739.2975,14.873742
2026-03-02 18:15:00,2397.3467,2747.5894999999996,12.07983
2026-03-02 18:20:00,2402.2224,2743.2599999999998,10.149526
2026-03-02 18:25:00,2413.3748,2707.681,8.369061
2026-03-02 18:30:00,2417.3286,2714.29,7.6578403
2026-03-02 18:35:00,2435.8694,2761.61475,5.974468
2026-03-02 18:40:00,2443.5693,2811.86575,4.4664474
2026-03-02 18:45:00,2437.6292,2866.7037499999997,3.4052606
2026-03-02 18:50:00,2427.4475,2755.9955,2.1605604
2026-03-02 18:55:00,2423.884,2795.23025,1.1142513
2026-03-02 19:00:00,2475.337,2745.2120000000004,0.0
2026-03-02 19:05:00,2539.7998,2755.83225,0.0
2026-03-02 19:10:00,2535.9875,2805.678,0.0
2026-03-02 19:15:00,2513.551,2784.6490000000003,0.0
2026-03-02 19:20:00,2493.2378,2735.9937499999996,0.0
2026-03-02 19:25:00,2489.6165,2749.4275,0.0
2026-03-02 19:30:00,2453.7485,2733.71175,0.0
2026-03-02 19:35:00,2438.7126,2725.118,0.0
2026-03-02 19:40:00,2409.6375,2677.3395,0.0
2026-03-02 19:45:00,2382.2922,2704.0505000000003,0.0
2026-03-02 19:50:00,2345.2842,2613.4855000000002,0.0
2026-03-02 19:55:00,2331.0522,2511.1502499999997,0.0
2026-03-02 20:00:00,2325.2336,2494.4395,0.0
2026-03-02 20:05:00,2347.923,2487.54575,0.0
2026-03-02 20:10:00,2319.587,2497.95525,0.0
2026-03-02 20:15:00,2288.91,2439.7577499999998,0.0
2026-03-02 20:20:00,2268.484,2418.0595000000003,0.0
2026-03-02 20:25:00,2246.489,2419.53825,0.0
2026-03-02 20:30:00,2202.7146,2404.355,0.0
2026-03-02 20:35:00,2222.076,2386.6425,0.0
2026-03-02 20:40:00,2203.7249,2365.2072500000004,0.0
2026-03-02 20:45:00,2160.1804,2277.0365,0.0
2026-03-02 20:50:00,2136.726,2241.48525,0.0
2026-03-02 20:55:00,2113.3718,2271.343,0.0
2026-03-02 21:00:00,2137.5916,2242.76525,0.0
2026-03-02 21:05:00,2227.781,2313.8875,0.0
2026-03-02 21:10:00,2241.0396,2425.37325,0.0
2026-03-02 21:15:00,2210.1238,2407.6365,0.0
2026-03-02 21:20:00,2191.1187,2402.3227500000003,0.0
2026-03-02 21:25:00,2196.4187,2368.78525,0.0
2026-03-02 21:30:00,2134.9763,2282.219,0.0
2026-03-02 21:35:00,2159.9463,2309.08425,0.0
2026-03-02 21:40:00,2123.4204,2253.8395,0.0
2026-03-02 21:45:00,2083.4155,2194.52875,0.0
2026-03-02 21:50:00,2055.5059,2193.7292500000003,0.0
2026-03-02 21:55:00,2032.0524,2168.088,0.0
2026-03-02 22:00:00,1990.7169,2107.204,0.0
2026-03-02 22:05:00,2038.1626,2146.4895,0.0
2026-03-02 22:10:00,2051.6345,2191.4877500000002,0.0
2026-03-02 22:15:00,2036.1251,2179.67825,0.0
2026-03-02 22:20:00,2028.9585,2180.259,0.0
2026-03-02 22:25:00,2027.619,2172.99,0.0
2026-03-02 22:30:00,1991.5306,2100.5135,0.0
2026-03-02 22:35:00,2077.7278,2149.20675,0.0
2026-03-02 22:40:00,2092.8198,2269.40425,0.0
2026-03-02 22:45:00,2063.9639,2245.49075,0.0
2026-03-02 22:50:00,2048.4272,2225.294,0.0
2026-03-02 22:55:00,2027.6879,2182.0695,0.0
2026-03-02 23:00:00,2023.544,2117.98425,0.0
2026-03-02 23:05:00,2066.8254,2148.6412499999997,0.0
2026-03-02 23:10:00,2071.393,2220.7175,0.0
2026-03-02 23:15:00,2035.3348,2215.1282499999998,0.0
2026-03-02 23:20:00,2002.8356,2172.67475,0.0
2026-03-02 23:25:00,1995.5397,2172.0957500000004,0.0
2026-03-02 23:30:00,1940.9119,2143.14375,0.0
2026-03-02 23:35:00,1944.9688,2095.80275,0.0
2026-03-02 23:40:00,1916.8625,2068.96725,0.0
2026-03-02 23:45:00,1882.9087,1990.58275,0.0
2026-03-02 23:50:00,1847.3287,1966.7859999999998,0.0
2026-03-02 23:55:00,1835.4227,2007.4222499999998,0.0
2026-03-03 00:00:00,1876.0416,2118.5389999999998,0.0
2026-03-03 00:05:00,1901.9827,2102.9755,0.0
2026-03-03 00:10:00,1907.49,2041.5272499999999,0.0
2026-03-03 00:15:00,1885.1859,2035.2532500000002,0.0
2026-03-03 00:20:00,1881.2125,2054.0895,0.0
2026-03-03 00:25:00,1882.1388,2234.76975,0.0
2026-03-03 00:30:00,1858.8267,2233.5925,0.0
2026-03-03 00:35:00,1925.7,2239.8855000000003,0.0
2026-03-03 00:40:00,1945.4178,2210.3865,0.0
2026-03-03 00:45:00,1917.131,2187.09175,0.0
2026-03-03 00:50:00,1900.9564,2119.77825,0.0
2026-03-03 00:55:00,1892.251,2037.074,0.0
2026-03-03 01:00:00,1811.9257,2025.336,0.0
2026-03-03 01:05:00,1779.1217,1964.36925,0.0
2026-03-03 01:10:00,1748.1699,1926.5970000000002,0.0
2026-03-03 01:15:00,1737.984,1902.1647500000001,0.0
2026-03-03 01:20:00,1717.9924,1846.1535000000001,0.0
2026-03-03 01:25:00,1677.0919,1769.0417499999999,0.0
2026-03-03 01:30:00,1693.4991,1749.1654999999998,0.0
2026-03-03 01:35:00,1790.0258,1783.01025,0.0
2026-03-03 01:40:00,1895.1107,2053.5425,0.0
2026-03-03 01:45:00,1897.6366,2228.6572499999997,0.0
2026-03-03 01:50:00,1865.9556,2191.6605,0.0
2026-03-03 01:55:00,1870.5048,2145.4435,0.0
2026-03-03 02:00:00,1900.621,2152.56325,0.0
2026-03-03 02:05:00,1893.8383,2086.62225,0.0
2026-03-03 02:10:00,1863.8427,2084.1679999999997,0.0
2026-03-03 02:15:00,1822.9415,2024.228,0.0
2026-03-03 02:20:00,1793.9733,1959.5014999999999,0.0
2026-03-03 02:25:00,1768.9501,1913.6795000000002,0.0
2026-03-03 02:30:00,1738.9542,1866.3115,0.0
2026-03-03 02:35:00,1708.9443,1842.9582500000001,0.0
2026-03-03 02:40:00,1695.9089,1825.6447500000002,0.0
2026-03-03 02:45:00,1669.6989,1793.77225,0.0
2026-03-03 02:50:00,1635.2633,1799.1657500000001,0.0
2026-03-03 02:55:00,1644.2831,1773.938,0.0
2026-03-03 03:00:00,1649.5922,1709.25,0.0
2026-03-03 03:05:00,1732.0219,1710.9475,0.0
2026-03-03 03:10:00,1704.8446,1701.211,0.0
2026-03-03 03:15:00,1739.2747,1751.0212500000002,0.0
2026-03-03 03:20:00,1721.4639,1703.5562499999999,0.0
2026-03-03 03:25:00,1690.2454,1722.327,0.0
2026-03-03 03:30:00,1763.4879,1735.23175,0.0
2026-03-03 03:35:00,1941.2245,1865.8890000000001,0.0
2026-03-03 03:40:00,2190.5813,2260.3860000000004,0.0
2026-03-03 03:45:00,2262.4053,2378.26525,0.0
2026-03-03 03:50:00,2206.1606,2385.73825,0.0
2026-03-03 03:55:00,2214.0215,2350.78475,0.0
2026-03-03 04:00:00,2119.1887,2275.22175,0.0
2026-03-03 04:05:00,2045.7115,2254.3515,0.0
2026-03-03 04:10:00,1987.4861,2184.5477499999997,0.0
2026-03-03 04:15:00,1952.0487,2128.0795,0.0
2026-03-03 04:20:00,1917.8345,2084.2887499999997,0.0
2026-03-03 04:25:00,1868.6841,2015.3402500000002,0.0
2026-03-03 04:30:00,1858.2119,1945.8912500000001,0.0
2026-03-03 04:35:00,1812.5878,1943.1175000000003,0.0
2026-03-03 04:40:00,1816.6178,1935.049,0.0
2026-03-03 04:45:00,1794.6976,1885.5217499999999,0.0
2026-03-03 04:50:00,1760.2811,1873.0880000000002,0.0
2026-03-03 04:55:00,1773.8093,1846.747,0.0
2026-03-03 05:00:00,1755.5385,1830.8024999999998,0.0
2026-03-03 05:05:00,1757.7689,1834.52475,0.0
2026-03-03 05:10:00,1746.7603,1829.74325,0.0
2026-03-03 05:15:00,1745.8749,1814.8872499999998,0.0
2026-03-03 05:20:00,1772.0957,1814.43225,0.0
2026-03-03 05:25:00,1790.5148,1780.5675,0.0
2026-03-03 05:30:00,1789.4619,1815.4535,0.0
2026-03-03 05:35:00,1871.0807,1894.045,0.0
2026-03-03 05:40:00,1901.3033,1877.1825000000001,0.0
2026-03-03 05:45:00,1886.821,1979.59175,0.00020800001
2026-03-03 05:50:00,1901.1012,1998.3790000000001,0.00017085715
2026-03-03 05:55:00,1906.04,2032.1215,9.6571435e-05
2026-03-03 06:00:00,1975.9348,2050.0702499999998,0.0
2026-03-03 06:05:00,1992.047,2055.6040000000003,0.0
2026-03-03 06:10:00,2004.4664,2108.507,0.0
2026-03-03 06:15:00,2014.0636,2144.4482500000004,0.0
2026-03-03 06:20:00,2037.861,2174.987,0.0
2026-03-03 06:25:00,2060.7441,2193.15275,0.0
2026-03-03 06:30:00,2068.258,2225.87925,0.0
2026-03-03 06:35:00,2134.6316,2242.549,0.0
2026-03-03 06:40:00,2150.3782,2230.0539999999996,0.0
2026-03-03 06:45:00,2144.658,2231.19025,0.0
2026-03-03 06:50:00,2150.4258,2310.1974999999998,0.0
2026-03-03 06:55:00,2159.8882,2354.3085,0.0
2026-03-03 07:00:00,2234.8618,2375.0879999999997,0.0
2026-03-03 07:05:00,2236.3948,2476.86175,0.005976411
2026-03-03 07:10:00,2233.307,2394.9945,0.014272027
2026-03-03 07:15:00,2228.5342,2339.1735,0.044276655
2026-03-03 07:20:00,2244.6099,2375.87725,0.070565924
2026-03-03 07:25:00,2250.2732,2319.32525,0.10515706
2026-03-03 07:30:00,2257.8452,2375.10625,0.2051296
2026-03-03 07:35:00,2285.9954,2444.96575,0.28083724
2026-03-03 07:40:00,2293.0312,2426.534,0.37346277
2026-03-03 07:45:00,2278.4146,2457.73475,0.7177916
2026-03-03 07:50:00,2271.306,2426.06475,0.91343915
2026-03-03 07:55:00,2279.7656,2468.3015,1.1428945
2026-03-03 08:00:00,2395.065,2539.9167500000003,2.3779662
2026-03-03 08:05:00,2413.7246,2567.70825,2.8910785
2026-03-03 08:10:00,2405.6626,2572.4934999999996,3.4644325
2026-03-03 08:15:00,2393.9927,2572.90825,6.166642
2026-03-03 08:20:00,2402.008,2633.1115,7.1820717
2026-03-03 08:25:00,2397.466,2557.3689999999997,8.260418
2026-03-03 08:30:00,2406.8389,2610.0077499999998,12.601027
2026-03-03 08:35:00,2396.7253,2567.20475,14.174285
2026-03-03 08:40:00,2390.316,2550.6277499999997,15.791363
2026-03-03 08:45:00,2375.8848,2586.468,21.105503
2026-03-03 08:50:00,2351.6443,2568.70975,23.121895
2026-03-03 08:55:00,2359.0447,2567.9495,25.146048
2026-03-03 09:00:00,2337.2778,2601.7737500000003,32.432426
2026-03-03 09:05:00,2334.6636,2549.8155,34.812347
2026-03-03 09:10:00,2307.1445,2558.6929999999998,37.162926
2026-03-03 09:15:00,2294.1025,2593.77725,43.005
2026-03-03 09:20:00,2287.957,2561.082,45.501358
2026-03-03 09:25:00,2261.2104,2524.0285000000003,47.962395
2026-03-03 09:30:00,2259.956,2537.574,54.585686
2026-03-03 09:35:00,2242.808,2525.27075,57.180405
2026-03-03 09:40:00,2240.4583,2549.1147499999997,59.73868
2026-03-03 09:45:00,2216.7573,2483.8824999999997,68.575775
2026-03-03 09:50:00,2193.1353,2485.0725,71.31327
2026-03-03 09:55:00,2186.766,2443.5144999999998,74.01062
2026-03-03 10:00:00,2176.873,2446.640375,85.731964
2026-03-03 10:05:00,2196.9602,2481.4004999999997,88.65403
2026-03-03 10:10:00,2195.5188,2492.9804999999997,91.526726
2026-03-03 10:15:00,2198.4053,2450.77775,97.63599
2026-03-03 10:20:00,2186.0254,2467.368,100.49964
2026-03-03 10:25:00,2167.0261,2467.16175,103.30291
2026-03-03 10:30:00,2147.3643,2408.1935,115.34372
2026-03-03 10:35:00,2142.762,2433.165,118.25137
2026-03-03 10:40:00,2143.3074,2389.5015000000003,121.08577
2026-03-03 10:45:00,2103.046,2460.11,142.73178
2026-03-03 10:50:00,2081.9414,2410.7842499999997,145.818
2026-03-03 10:55:00,2070.555,2369.439,148.80522
2026-03-03 11:00:00,2029.2034,2409.4285,163.65332
2026-03-03 11:05:00,2014.8789,2391.0883750000003,166.65625
2026-03-03 11:10:00,2031.2183,2385.6827500000004,169.5461
2026-03-03 11:15:00,2043.6241,2351.98625,166.74373
2026-03-03 11:20:00,2060.9707,2429.46,169.32117
2026-03-03 11:25:00,2068.789,2367.32625,171.7892
2026-03-03 11:30:00,2057.5234,2458.8149999999996,180.27078
2026-03-03 11:35:00,2115.9988,2525.17425,182.59901
2026-03-03 11:40:00,2168.519,2502.02175,184.81712
2026-03-03 11:45:00,2160.413,2555.73025,176.65486
2026-03-03 11:50:00,2150.335,2516.6639999999998,178.53708
2026-03-03 11:55:00,2131.049,2594.1975,180.31226
2026-03-03 12:00:00,2116.7344,2567.227,203.85774
2026-03-03 12:05:00,2043.1869,2446.8072500000003,205.6032
2026-03-03 12:10:00,1978.6934,2337.8115000000003,207.22873
2026-03-03 12:15:00,1942.6064,2236.578,233.2588
2026-03-03 12:20:00,1893.712,2194.3264999999997,234.7999
2026-03-03 12:25:00,1818.8646,2027.9052500000003,236.19954
2026-03-03 12:30:00,1797.2256,2036.4265000000003,244.21017
2026-03-03 12:35:00,1748.7871,2028.35475,245.35481
2026-03-03 12:40:00,1760.8943,2087.756,246.35399
2026-03-03 12:45:00,1747.31,2033.2827499999999,252.96465
2026-03-03 12:50:00,1701.3495,2123.529,253.67763
2026-03-03 12:55:00,1712.6674,2066.01375,254.2339
2026-03-03 13:00:00,1769.8297,2078.06025,249.7184
2026-03-03 13:05:00,1770.9639,2025.8090000000002,249.95276
2026-03-03 13:10:00,1774.3949,2077.74575,250.02574
2026-03-03 13:15:00,1805.2223,1931.63525,239.7539
2026-03-03 13:20:00,1798.2495,1973.955,239.50699
2026-03-03 13:25:00,1790.4835,1976.66975,239.10161
2026-03-03 13:30:00,1762.0728,2006.6644999999999,247.35065
2026-03-03 13:35:00,1770.1532,2025.4904999999999,246.5825
2026-03-03 13:40:00,1773.8704,2099.5185,245.63475
2026-03-03 13:45:00,1764.7914,2037.38175,248.51651
2026-03-03 13:50:00,1759.5336,1888.4672500000001,247.18417
2026-03-03 13:55:00,1748.8289,1871.7477500000002,245.65762
2026-03-03 14:00:00,1722.1691,1889.5927499999998,235.31876
2026-03-03 14:05:00,1694.7675,1874.05125,233.47144
2026-03-03 14:10:00,1709.0585,1860.8207499999999,231.44424
2026-03-03 14:15:00,1720.1255,1927.2392499999999,244.3248
2026-03-03 14:20:00,1732.453,1917.95075,241.81282
2026-03-03 14:25:00,1748.8354,1977.7694999999999,239.1371
2026-03-03 14:30:00,1734.2216,1946.76125,237.43924
2026-03-03 14:35:00,1778.5431,1950.8914999999997,234.46191
2026-03-03 14:40:00,1810.8792,2022.5290000000002,231.36021
2026-03-03 14:45:00,1811.7288,2056.53775,237.92604
2026-03-03 14:50:00,1823.4911,2105.06675,234.45692
2026-03-03 14:55:00,1806.4271,2027.663,230.88736
2026-03-03 15:00:00,1773.9652,2064.5280000000002,239.3192
2026-03-03 15:05:00,1753.9883,2041.0169999999998,235.38342
2026-03-03 15:10:00,1762.9071,2085.6749999999997,231.35951
2026-03-03 15:15:00,1760.0255,2088.75675,241.94759
2026-03-03 15:20:00,1774.1763,2058.4335,237.471
2026-03-03 15:25:00,1795.2267,2081.41875,232.88646
2026-03-03 15:30:00,1777.3578,2121.91625,233.83482
2026-03-03 15:35:00,1820.6709,2156.54425,228.91107
2026-03-03 15:40:00,1856.4369,2194.26375,223.87192
2026-03-03 15:45:00,1880.5771,2211.25025,209.14474
2026-03-03 15:50:00,1885.2906,2246.32825,204.08684
2026-03-03 15:55:00,1870.6006,2316.74525,198.90018
2026-03-03 16:00:00,1926.1053,2328.05775,169.98721
2026-03-03 16:05:00,1951.7717,2319.8562500000003,165.1985
2026-03-03 16:10:00,1973.6703,2322.059,160.29672
2026-03-03 16:15:00,1995.7084,2368.5567499999997,141.90903
2026-03-03 16:20:00,2006.1057,2357.7055,137.22264
2026-03-03 16:25:00,2026.6349,2404.8245,132.43661
2026-03-03 16:30:00,2021.004,2413.429,128.08318
2026-03-03 16:35:00,2042.4946,2433.85925,123.08079
2026-03-03 16:40:00,2057.563,2418.02475,117.98577
2026-03-03 16:45:00,2063.1028,2438.019,112.57814
2026-03-03 16:50:00,2063.7036,2442.47,107.315544
2026-03-03 16:55:00,2054.075,2497.67,101.96049
2026-03-03 17:00:00,2105.1685,2451.4312499999996,95.669395
2026-03-03 17:05:00,2132.4607,2478.00825,90.20414
2026-03-03 17:10:00,2161.3923,2525.8669999999997,84.68391
2026-03-03 17:15:00,2179.3782,2523.2725,78.98018
2026-03-03 17:20:00,2196.6309,2520.9027499999997,73.45266
2026-03-03 17:25:00,2220.0603,2567.8815,67.96173
2026-03-03 17:30:00,2224.4917,2574.16075,67.018906
2026-03-03 17:35:00,2258.022,2624.64475,61.298737
2026-03-03 17:40:00,2276.694,2621.7865,55.707947
2026-03-03 17:45:00,2293.289,2641.9705,38.76374
2026-03-03 17:50:00,2295.5808,2637.9845,34.728687
2026-03-03 17:55:00,2285.7424,2676.2915000000003,30.868935
2026-03-03 18:00:00,2366.7349,2727.1685,20.838058
2026-03-03 18:05:00,2397.7305,2722.0925,18.196255
2026-03-03 18:10:00,2413.3125,2760.234,15.725787
2026-03-03 18:15:00,2429.2761,2764.6992500000006,12.776151
2026-03-03 18:20:00,2427.8381,2783.01075,10.74889
2026-03-03 18:25:00,2438.8088,2769.0385,8.884691
2026-03-03 18:30:00,2439.444,2714.4947500000003,8.166359
2026-03-03 18:35:00,2452.8318,2752.12075,6.417856
2026-03-03 18:40:00,2453.732,2767.23025,4.85723
2026-03-03 18:45:00,2445.8435,2812.5240000000003,3.7830188
2026-03-03 18:50:00,2435.6323,2761.5355,2.4975533
2026-03-03 18:55:00,2426.718,2788.8625,1.4186321
2026-03-03 19:00:00,2494.4624,2775.7570000000005,0.0
2026-03-03 19:05:00,2555.2454,2793.3690000000006,0.0
2026-03-03 19:10:00,2562.1797,2822.0197500000004,0.0
2026-03-03 19:15:00,2544.7473,2817.9815,0.0
2026-03-03 19:20:00,2523.3333,2759.97425,0.0
2026-03-03 19:25:00,2523.288,2748.865,0.0
2026-03-03 19:30:00,2488.7812,2719.2180000000003,0.0
2026-03-03 19:35:00,2479.288,2693.63725,0.0
2026-03-03 19:40:00,2452.1072,2707.3325,0.0
2026-03-03 19:45:00,2421.6536,2622.8640000000005,0.0
2026-03-03 19:50:00,2389.1284,2592.3535,0.0
2026-03-03 19:55:00,2372.1448,2603.938,0.0
2026-03-03 20:00:00,2390.8423,2597.357,0.0
2026-03-03 20:05:00,2401.2356,2530.72325,0.0
2026-03-03 20:10:00,2371.3782,2524.6505,0.0
2026-03-03 20:15:00,2337.5076,2521.78675,0.0
2026-03-03 20:20:00,2303.9883,2465.34475,0.0
2026-03-03 20:25:00,2274.713,2401.77425,0.0
2026-03-03 20:30:00,2225.6711,2386.077,0.0
2026-03-03 20:35:00,2225.1084,2350.7607500000004,0.0
2026-03-03 20:40:00,2202.7861,2310.716,0.0
2026-03-03 20:45:00,2155.5662,2317.676,0.0
2026-03-03 20:50:00,2124.983,2285.7837499999996,0.0
2026-03-03 20:55:00,2099.6978,2253.8265,0.0
2026-03-03 21:00:00,2156.0156,2255.6795,0.0
2026-03-03 21:05:00,2254.772,2318.27675,0.0
2026-03-03 21:10:00,2281.2463,2462.417,0.0
2026-03-03 21:15:00,2254.4412,2473.19575,0.0
2026-03-03 21:20:00,2237.1968,2421.499,0.0
2026-03-03 21:25:00,2252.0938,2369.693,0.0
2026-03-03 21:30:00,2187.9104,2342.9665,0.0
2026-03-03 21:35:00,2219.8994,2308.066,0.0
2026-03-03 21:40:00,2181.2642,2297.7125,0.0
2026-03-03 21:45:00,2142.3728,2277.032,0.0
2026-03-03 21:50:00,2114.449,2270.58375,0.0
2026-03-03 21:55:00,2090.1763,2242.8475000000003,0.0
2026-03-03 22:00:00,2077.042,2175.71875,0.0
2026-03-03 22:05:00,2107.0295,2186.0265,0.0
2026-03-03 22:10:00,2121.0747,2204.79075,0.0
2026-03-03 22:15:00,2108.3499,2227.6730000000002,0.0
2026-03-03 22:20:00,2101.5562,2193.06675,0.0
2026-03-03 22:25:00,2101.7266,2170.2245000000003,0.0
2026-03-03 22:30:00,2064.8857,2148.1862499999997,0.0
2026-03-03 22:35:00,2150.516,2218.7707499999997,0.0
2026-03-03 22:40:00,2161.6587,2320.47175,0.0
2026-03-03 22:45:00,2123.7664,2275.60325,0.0
2026-03-03 22:50:00,2114.5103,2235.3125,0.0
2026-03-03 22:55:00,2090.678,2213.7647500000003,0.0
2026-03-03 23:00:00,2096.705,2192.212,0.0
2026-03-03 23:05:00,2134.136,2208.0685000000003,0.0
2026-03-03 23:10:00,2141.5952,2281.3545,0.0
2026-03-03 23:15:00,2107.6428,2250.54825,0.0
2026-03-03 23:20:00,2075.154,2234.6465000000003,0.0
2026-03-03 23:25:00,2068.4768,2205.99125,0.0
2026-03-03 23:30:00,2014.2888,2181.52625,0.0
2026-03-03 23:35:00,2022.2643,2144.9759999999997,0.0
2026-03-03 23:40:00,1995.8807,2058.123,0.0
2026-03-03 23:45:00,1957.8413,2031.7007500000002,0.0
2026-03-03 23:50:00,1925.9341,2036.76775,0.0
2026-03-03 23:55:00,1911.6497,2127.46425,0.0
