Einheit;kW;kW;kW;kW;m;m;°C;W/m2;mm;;;;;
Signalname;PR_MI_SDR___:IO:Slot2:Prog_EWO_Prod:IST_wert/t;PR_MI_SDR___:IO:Slot2:Prog_EWO_Last:IST_wert/t;PR_MI_SDR___:Prog:EWO_Last:IST_wert/t;PR_MI_SDR___:IO:Slot3:SRL_Wirkleist_SOL:IST_wert/t;PR_M2_KWR2:KWR2N:Niveau:IST_wert/t;PR_M1_KWR1:KWR1N:Niveau:IST_wert/t;PR_MI_UBERGB:GW:Aussen_Temp:IST_wert/t;PR_MI_UBERGB:IO:Slot3:Solar_Irradiance:IST_wert/t;PR_MI_UBERGB:APPL:Regen:IST_mm_je_24h:IST_wert/t;PR_M1_KWR1:KWR1SDR:Modus_aktiv:RM_status_1/t;PR_M1_KWR1:KWR1SDR:Prog_Modus_aktiv:RM_status_1/t;PR_M1_KWR1:KWR1UEB:Modus_aktiv:RM_status_1/t;PR_M1_KWR1:KWR1N:Modus_aktiv:RM_status_1/t;
20.03.2026 00:00:00;803.249;1904.499;1842.691;768.153;1.748;2.480;7.511;0.450;0.000;0.000;1.000;0.000;0.000;
20.03.2026 00:05:00;902.285;1660.905;1852.656;1090.830;1.751;2.492;7.329;0.450;0.000;0.000;1.000;0.000;0.000;
20.03.2026 00:10:00;902.252;1660.667;1769.735;1079.925;1.749;2.514;7.245;0.453;0.000;0.000;1.000;0.000;0.000;
20.03.2026 00:15:00;902.264;1660.389;1774.418;1109.567;1.748;2.530;7.241;0.456;0.000;0.000;1.000;0.000;0.000;
20.03.2026 00:20:00;902.261;1725.251;2058.858;1030.153;1.748;2.538;7.202;0.451;0.000;0.000;1.000;0.000;0.000;
20.03.2026 00:25:00;902.316;1725.251;2031.659;1273.875;1.745;2.552;7.197;0.447;0.000;0.000;1.000;0.000;0.000;
20.03.2026 00:30:00;902.240;1725.285;2012.927;1220.223;1.741;2.564;7.222;0.456;0.000;0.000;1.000;0.000;0.000;
20.03.2026 00:35:00;902.298;1795.026;1963.358;1151.575;1.740;2.568;7.189;0.450;0.000;0.000;1.000;0.000;0.000;
20.03.2026 00:40:00;902.279;1794.782;1980.693;1154.728;1.739;2.564;7.050;0.450;0.000;0.000;1.000;0.000;0.000;
20.03.2026 00:45:00;902.359;1794.704;1955.446;1125.830;1.738;2.559;7.140;0.450;0.000;0.000;1.000;0.000;0.000;
20.03.2026 00:50:00;902.283;1710.249;1933.304;1195.454;1.737;2.557;7.014;0.450;0.000;0.000;1.000;0.000;0.000;
20.03.2026 00:55:00;902.364;1710.249;1886.440;1119.426;1.736;2.553;6.900;0.450;0.000;0.000;1.000;0.000;0.000;
20.03.2026 01:00:00;902.328;1710.249;1830.603;1070.906;1.736;2.545;6.876;0.450;0.000;0.000;1.000;0.000;0.000;
20.03.2026 01:05:00;902.265;1539.999;1723.533;1161.424;1.736;2.542;6.894;0.454;0.000;0.000;1.000;0.000;0.000;
20.03.2026 01:10:00;902.292;1539.999;1706.347;1098.113;1.736;2.538;6.881;0.450;0.000;0.000;1.000;0.000;0.000;
20.03.2026 01:15:00;902.363;1539.998;1604.419;993.032;1.736;2.536;6.700;0.450;0.000;0.000;1.000;0.000;0.000;
20.03.2026 01:20:00;902.254;1406.499;1581.454;1124.111;1.737;2.538;6.648;0.450;0.000;0.000;1.000;0.000;0.000;
20.03.2026 01:25:00;902.198;1406.499;1552.129;1118.546;1.736;2.543;6.683;0.450;0.000;0.000;1.000;0.000;0.000;
20.03.2026 01:30:00;902.270;1406.499;1552.737;1081.962;1.735;2.547;6.714;0.450;0.000;0.000;1.000;0.000;0.000;
20.03.2026 01:35:00;902.320;1547.490;1726.895;951.205;1.737;2.549;6.835;0.483;0.000;0.000;1.000;0.000;0.000;
20.03.2026 01:40:00;902.330;1547.499;2044.107;1272.075;1.736;2.559;6.874;0.450;0.000;0.000;1.000;0.000;0.000;
20.03.2026 01:45:00;902.325;1547.499;2109.944;1514.483;1.730;2.582;6.777;0.450;0.000;0.000;1.000;0.000;0.000;
20.03.2026 01:50:00;902.312;1818.624;2075.465;1301.456;1.721;2.604;6.693;0.453;0.000;0.000;1.000;0.000;0.000;
20.03.2026 01:55:00;902.253;1818.624;2015.200;1188.124;1.718;2.608;6.657;0.450;0.000;0.000;1.000;0.000;0.000;
20.03.2026 02:00:00;902.418;1818.617;1960.893;1117.890;1.716;2.609;6.509;0.450;0.000;0.000;1.000;0.000;0.000;
20.03.2026 02:05:00;902.255;1721.507;1925.818;1136.993;1.715;2.608;6.348;0.487;0.000;0.000;1.000;0.000;0.000;
20.03.2026 02:10:00;902.299;1721.501;1852.917;1090.680;1.713;2.604;6.319;0.450;0.000;0.000;1.000;0.000;0.000;
20.03.2026 02:15:00;902.352;1721.670;1871.066;1121.891;1.713;2.600;6.297;0.469;0.000;0.000;1.000;0.000;0.000;
20.03.2026 02:20:00;902.391;1541.874;1836.602;1287.686;1.711;2.600;6.270;0.482;0.000;0.000;1.000;0.000;0.000;
20.03.2026 02:25:00;902.252;1541.874;1878.945;1261.259;1.708;2.603;6.179;0.450;0.000;0.000;1.000;0.000;0.000;
20.03.2026 02:30:00;902.308;1541.874;1748.157;1201.649;1.705;2.606;6.080;0.451;0.000;0.000;1.000;0.000;0.000;
20.03.2026 02:35:00;902.258;1382.460;1665.019;1291.537;1.702;2.609;6.098;0.450;0.000;0.000;1.000;0.000;0.000;
20.03.2026 02:40:00;902.251;1382.418;1630.388;1245.055;1.699;2.611;6.127;0.456;0.000;0.000;1.000;0.000;0.000;
20.03.2026 02:45:00;902.304;1382.206;1633.854;1165.263;1.697;2.612;6.101;0.450;0.000;0.000;1.000;0.000;0.000;
20.03.2026 02:50:00;902.202;1293.392;1572.397;1182.264;1.694;2.615;6.193;0.450;0.000;0.000;1.000;0.000;0.000;
20.03.2026 02:55:00;902.248;1293.914;1513.579;1187.033;1.692;2.617;6.194;0.466;0.000;0.000;1.000;0.000;0.000;
20.03.2026 03:00:00;902.251;1293.380;1456.657;1132.694;1.690;2.618;6.260;0.450;0.000;0.000;1.000;0.000;0.000;
20.03.2026 03:05:00;902.299;1301.780;1496.733;1121.552;1.689;2.621;6.081;0.499;0.000;0.000;1.000;0.000;0.000;
20.03.2026 03:10:00;902.290;1301.428;1451.826;1128.684;1.688;2.624;5.997;0.454;0.000;0.000;1.000;0.000;0.000;
20.03.2026 03:15:00;902.355;1301.721;1498.394;1120.385;1.686;2.631;5.838;0.450;0.000;0.000;1.000;0.000;0.000;
20.03.2026 03:20:00;902.251;1314.999;1511.064;1090.822;1.686;2.654;5.774;0.454;0.000;0.000;1.000;0.000;0.000;
20.03.2026 03:25:00;902.283;1314.999;1526.726;1122.323;1.685;2.657;5.691;0.503;0.000;0.000;1.000;0.000;0.000;
20.03.2026 03:30:00;902.209;1314.999;1496.374;1139.936;1.684;2.657;5.679;0.450;0.000;0.000;1.000;0.000;0.000;
20.03.2026 03:35:00;902.297;1626.249;1836.764;808.926;1.686;2.650;5.700;0.450;0.000;0.000;1.000;0.000;0.000;
20.03.2026 03:40:00;902.356;1626.249;2076.275;1004.713;1.690;2.639;5.684;0.450;0.000;0.000;1.000;0.000;0.000;
20.03.2026 03:45:00;902.258;1626.249;2115.693;1256.132;1.690;2.643;5.560;0.522;0.000;0.000;1.000;0.000;0.000;
20.03.2026 03:50:00;902.364;1922.800;2078.304;1110.737;1.687;2.650;5.654;0.451;0.000;0.000;1.000;0.000;0.000;
20.03.2026 03:55:00;902.270;1922.840;2050.169;1085.300;1.687;2.652;5.557;0.496;0.000;0.000;1.000;0.000;0.000;
20.03.2026 04:00:00;902.312;1922.874;2079.836;1055.345;1.687;2.654;5.677;0.481;0.000;0.000;1.000;0.000;0.000;
20.03.2026 04:05:00;902.257;1856.874;2093.309;1081.724;1.687;2.657;5.644;0.457;0.000;0.000;1.000;0.000;0.000;
20.03.2026 04:10:00;902.458;1856.597;2009.420;1039.164;1.687;2.663;5.439;0.451;0.000;0.000;1.000;0.000;0.000;
20.03.2026 04:15:00;902.437;1856.874;1946.824;989.863;1.687;2.666;5.400;0.521;0.000;0.000;1.000;0.000;0.000;
20.03.2026 04:20:00;902.374;1721.558;1895.047;1077.214;1.688;2.672;5.440;0.495;0.000;0.000;1.000;0.000;0.000;
20.03.2026 04:25:00;902.259;1721.690;1805.880;1012.466;1.688;2.678;5.457;0.526;0.000;0.000;1.000;0.000;0.000;
20.03.2026 04:30:00;902.329;1721.722;1869.267;950.044;1.689;2.680;5.425;0.460;0.000;0.000;1.000;0.000;0.000;
20.03.2026 04:35:00;902.257;1618.749;1850.618;1135.854;1.690;2.689;5.396;0.457;0.000;0.000;1.000;0.000;0.000;
20.03.2026 04:40:00;902.347;1618.749;1765.706;1031.287;1.689;2.697;5.314;0.480;0.000;0.000;1.000;0.000;0.000;
20.03.2026 04:45:00;902.251;1618.734;1818.600;1017.404;1.690;2.701;5.161;0.557;0.000;0.000;1.000;0.000;0.000;
20.03.2026 04:50:00;902.272;1532.874;1718.798;1068.784;1.690;2.709;5.118;0.568;0.000;0.000;1.000;0.000;0.000;
20.03.2026 04:55:00;902.310;1532.874;1728.423;1071.009;1.690;2.714;5.209;0.463;0.000;0.000;1.000;0.000;0.000;
20.03.2026 05:00:00;902.323;1532.874;1691.011;1061.634;1.689;2.719;5.191;0.473;0.000;0.000;1.000;0.000;0.000;
20.03.2026 05:05:00;902.267;1452.249;1740.471;1116.098;1.689;2.724;5.099;0.458;0.000;0.000;1.000;0.000;0.000;
20.03.2026 05:10:00;902.292;1452.249;1757.682;1137.698;1.688;2.728;5.090;0.481;0.000;0.000;1.000;0.000;0.000;
20.03.2026 05:15:00;902.251;1452.249;1720.473;1089.220;1.687;2.732;5.165;0.450;0.000;0.000;1.000;0.000;0.000;
20.03.2026 05:20:00;902.295;1430.367;1701.667;1140.371;1.686;2.734;5.255;0.450;0.000;0.000;1.000;0.000;0.000;
20.03.2026 05:25:00;902.254;1430.239;1775.211;1177.740;1.685;2.737;5.216;0.497;0.000;0.000;1.000;0.000;0.000;
20.03.2026 05:30:00;902.351;1430.133;1808.863;1200.875;1.683;2.741;5.128;0.482;0.000;0.000;1.000;0.000;0.000;
20.03.2026 05:35:00;1002.249;1490.493;1803.185;1333.430;1.679;2.745;5.061;0.591;0.000;0.000;1.000;0.000;0.000;
20.03.2026 05:40:00;1002.250;1490.499;1804.245;1305.690;1.675;2.749;5.096;0.483;0.000;0.000;1.000;0.000;0.000;
20.03.2026 05:45:00;1002.247;1490.499;1852.173;1279.824;1.671;2.750;5.099;0.577;0.000;0.000;1.000;0.000;0.000;
20.03.2026 05:50:00;1202.510;1578.722;1873.025;1442.262;1.667;2.747;5.149;0.471;0.000;0.000;1.000;0.000;0.000;
20.03.2026 05:55:00;1202.861;1578.861;1861.697;1402.157;1.661;2.741;5.079;0.453;0.000;0.000;1.000;0.000;0.000;
20.03.2026 06:00:00;1202.544;1578.642;1910.962;1380.616;1.656;2.729;5.050;0.576;0.000;0.000;0.000;1.000;0.000;
20.03.2026 06:05:00;1302.886;1725.299;1967.765;1228.412;1.653;2.710;5.032;0.469;0.000;0.000;0.000;1.000;0.000;
20.03.2026 06:10:00;1302.813;1725.648;2092.257;1071.094;1.654;2.680;5.053;0.546;0.000;0.000;0.000;1.000;0.000;
20.03.2026 06:15:00;1302.933;1725.457;2138.112;904.278;1.658;2.645;4.954;0.612;0.000;0.000;0.000;1.000;0.000;
20.03.2026 06:20:00;1402.866;1783.751;2145.899;720.214;1.666;2.609;4.900;1.386;0.000;0.000;0.000;1.000;0.000;
20.03.2026 06:25:00;1402.917;1783.751;2090.318;656.314;1.676;2.572;4.802;3.236;0.000;0.000;1.000;1.000;0.000;
20.03.2026 06:30:00;1403.018;1783.751;2017.446;1554.485;1.679;2.560;4.848;4.402;0.000;0.000;1.000;0.000;0.000;
20.03.2026 06:35:00;1402.791;1842.249;2030.926;1571.164;1.670;2.574;4.796;6.352;0.000;0.000;1.000;0.000;0.000;
20.03.2026 06:40:00;1402.842;1842.249;2045.215;1595.169;1.660;2.586;4.650;7.648;0.000;0.000;1.000;0.000;0.000;
20.03.2026 06:45:00;1402.839;1842.249;2041.096;1626.998;1.650;2.591;4.591;9.522;0.000;0.000;1.000;0.000;0.000;
20.03.2026 06:50:00;1402.861;1902.552;2098.174;1609.819;1.640;2.590;4.600;12.024;0.000;0.000;1.000;0.000;0.000;
20.03.2026 06:55:00;1403.140;1902.624;2158.335;1635.987;1.631;2.583;4.474;13.775;0.000;0.000;1.000;0.000;0.000;
20.03.2026 07:00:00;1403.025;1902.559;2132.740;1625.936;1.623;2.570;4.439;15.481;0.000;0.000;1.000;0.000;0.000;
20.03.2026 07:05:00;1402.856;1944.486;2075.658;1637.332;1.613;2.555;4.469;18.178;0.000;0.000;1.000;0.000;0.000;
20.03.2026 07:10:00;1402.797;1944.153;2015.708;1509.306;1.606;2.529;4.337;20.218;0.000;0.000;1.000;0.000;0.000;
20.03.2026 07:15:00;1403.096;1943.947;2172.062;1505.253;1.602;2.500;4.317;23.961;0.000;0.000;1.000;0.000;0.000;
20.03.2026 07:20:00;1402.876;1934.121;2125.803;1560.847;1.595;2.476;4.366;25.541;0.000;0.000;1.000;0.000;0.000;
20.03.2026 07:25:00;1402.899;1934.103;2061.625;1499.866;1.589;2.452;4.502;28.369;0.000;0.000;1.000;0.000;0.000;
20.03.2026 07:30:00;1402.905;1933.979;2140.807;1491.390;1.584;2.427;4.600;29.777;0.000;0.000;1.000;0.000;0.000;
20.03.2026 07:35:00;1402.895;1949.774;2160.373;1549.193;1.578;2.409;4.770;31.879;0.000;0.000;1.000;0.000;0.000;
20.03.2026 07:40:00;1402.989;1949.625;2193.120;1542.609;1.571;2.391;4.795;34.032;0.000;0.000;1.000;0.000;0.000;
20.03.2026 07:45:00;1402.704;1949.904;2135.419;1533.708;1.564;2.380;4.815;35.503;0.000;0.000;1.000;0.000;0.000;
20.03.2026 07:50:00;1402.962;1981.374;2021.840;1445.354;1.557;2.366;4.802;37.707;0.000;0.000;1.000;0.000;0.000;
20.03.2026 07:55:00;1403.063;1981.374;2095.227;1443.565;1.552;2.349;4.791;39.276;0.000;0.000;1.000;0.000;0.000;
20.03.2026 08:00:00;1403.032;1981.340;2126.686;1481.589;1.546;2.340;4.807;40.788;0.000;0.000;1.000;0.000;0.000;
20.03.2026 08:05:00;1403.136;2020.925;2063.554;1410.386;1.540;2.329;4.869;42.658;0.000;0.000;1.000;0.000;0.000;
20.03.2026 08:10:00;1402.990;2021.105;2034.074;1481.339;1.534;2.320;4.925;43.541;0.000;0.000;1.000;0.000;0.000;
20.03.2026 08:15:00;1402.830;2020.865;2061.290;1491.937;1.528;2.310;5.102;46.225;0.000;0.000;1.000;0.000;0.000;
20.03.2026 08:20:00;1402.848;1955.523;2037.167;1530.888;1.520;2.304;5.137;411.201;0.000;0.000;1.000;0.000;0.000;
20.03.2026 08:25:00;1402.871;1955.533;1930.182;1422.237;1.513;2.291;5.834;466.677;0.000;0.000;1.000;0.000;0.000;
20.03.2026 08:30:00;1403.032;1955.239;1862.219;1408.042;1.508;2.277;7.734;491.930;0.000;0.000;1.000;0.000;0.000;
20.03.2026 08:35:00;1402.946;1887.996;1851.682;1399.177;1.504;2.260;9.633;520.679;0.000;0.000;1.000;0.000;0.000;
20.03.2026 08:40:00;1402.841;1887.999;1782.203;1332.589;1.500;2.244;11.199;549.817;0.000;0.000;1.000;0.000;0.000;
20.03.2026 08:45:00;1402.820;1887.999;1709.827;1269.076;1.497;2.224;12.286;564.712;0.000;0.000;1.000;0.000;0.000;
20.03.2026 08:50:00;1302.998;1818.618;1756.166;1284.511;1.496;2.206;13.296;575.210;0.000;0.000;1.000;0.000;0.000;
20.03.2026 08:55:00;1302.892;1818.602;1726.803;1194.176;1.495;2.186;13.934;578.037;0.000;0.000;1.000;0.000;0.000;
20.03.2026 09:00:00;1303.026;1818.624;1659.873;1180.084;1.494;2.170;14.635;587.538;0.000;0.000;1.000;0.000;0.000;
20.03.2026 09:05:00;1202.607;1748.874;1605.389;1094.391;1.494;2.154;15.382;595.590;0.000;0.000;1.000;0.000;0.000;
20.03.2026 09:10:00;1202.573;1748.874;1609.540;1133.634;1.495;2.139;16.019;594.453;0.000;0.000;1.000;0.000;0.000;
20.03.2026 09:15:00;1202.804;1748.874;1601.197;1105.919;1.495;2.125;16.797;581.975;0.000;0.000;1.000;0.000;0.000;
20.03.2026 09:20:00;1102.501;1651.802;1468.459;1008.941;1.497;2.111;17.429;585.098;0.000;0.000;1.000;0.000;0.000;
20.03.2026 09:25:00;1102.502;1651.831;1532.891;1010.030;1.500;2.097;18.288;637.960;0.000;0.000;1.000;0.000;0.000;
20.03.2026 09:30:00;1102.499;1651.784;1572.292;1081.174;1.501;2.089;19.004;595.666;0.000;0.000;1.000;0.000;0.000;
20.03.2026 09:35:00;1102.501;1562.124;1568.391;1186.761;1.500;2.088;19.322;605.599;0.000;0.000;1.000;0.000;0.000;
20.03.2026 09:40:00;1102.499;1562.124;1542.805;1158.655;1.499;2.082;19.285;853.691;0.000;0.000;1.000;0.000;0.000;
20.03.2026 09:45:00;1102.574;1562.124;1520.261;1097.041;1.498;2.076;19.600;1036.297;0.000;0.000;1.000;0.000;0.000;
20.03.2026 09:50:00;1102.501;1472.487;1519.090;1170.226;1.498;2.066;19.429;1109.881;0.000;0.000;1.000;0.000;0.000;
20.03.2026 09:55:00;1102.499;1472.499;1486.426;1143.143;1.497;2.053;19.544;1158.858;0.000;0.000;1.000;0.000;0.000;
20.03.2026 10:00:00;1102.499;1472.499;1487.871;1116.422;1.498;2.037;19.522;1193.775;0.000;0.000;1.000;0.000;0.000;
20.03.2026 10:05:00;902.251;1446.348;1505.460;1001.348;1.500;2.018;19.145;1217.435;0.000;0.000;1.000;0.000;0.000;
20.03.2026 10:10:00;902.251;1446.530;1430.444;978.637;1.503;1.998;19.287;1219.816;0.000;0.000;1.000;0.000;0.000;
20.03.2026 10:15:00;902.317;1446.273;1448.948;955.380;1.507;1.975;19.602;1226.389;0.000;0.000;1.000;0.000;0.000;
20.03.2026 10:20:00;902.251;1417.374;1394.598;918.837;1.510;1.959;19.640;1184.947;0.000;0.000;1.000;0.000;0.000;
20.03.2026 10:25:00;902.249;1417.374;1435.233;1004.887;1.514;1.941;19.900;1087.068;0.000;0.000;1.000;0.000;0.000;
20.03.2026 10:30:00;902.044;1417.374;1453.898;960.990;1.518;1.925;20.420;1006.668;0.000;0.000;1.000;0.000;0.000;
20.03.2026 10:35:00;902.266;1382.499;1348.440;935.188;1.521;1.913;20.859;939.262;0.000;0.000;1.000;0.000;0.000;
20.03.2026 10:40:00;902.179;1382.495;1296.217;908.262;1.526;1.900;21.599;921.628;0.000;0.000;1.000;0.000;0.000;
20.03.2026 10:45:00;902.251;1382.494;1318.663;918.624;1.530;1.884;22.194;919.857;0.000;0.000;1.000;0.000;0.000;
20.03.2026 10:50:00;902.457;1351.376;1276.395;892.310;1.534;1.877;22.678;958.107;0.000;0.000;1.000;0.000;0.000;
20.03.2026 10:55:00;902.122;1351.378;1237.871;855.147;1.538;1.873;23.099;924.824;0.000;0.000;1.000;0.000;0.000;
20.03.2026 11:00:00;902.251;1351.376;1253.628;851.062;1.542;1.871;23.678;925.157;0.000;0.000;1.000;0.000;0.000;
20.03.2026 11:05:00;902.265;1292.292;1277.453;877.416;1.546;1.871;24.098;960.633;0.000;0.000;1.000;0.000;0.000;
20.03.2026 11:10:00;902.251;1292.528;1267.725;911.489;1.548;1.879;24.230;1012.492;0.000;0.000;1.000;0.000;0.000;
20.03.2026 11:15:00;902.249;1292.606;1178.408;886.517;1.549;1.888;24.700;1073.576;0.000;0.000;1.000;0.000;0.000;
20.03.2026 11:20:00;902.249;1332.999;1208.951;815.621;1.553;1.894;24.799;1123.081;0.000;0.000;1.000;0.000;0.000;
20.03.2026 11:25:00;902.262;1332.999;1268.758;821.886;1.556;1.906;24.823;1165.192;0.000;0.000;1.000;0.000;0.000;
20.03.2026 11:30:00;902.254;1332.999;1460.266;995.497;1.559;1.919;24.721;1194.299;0.000;0.000;1.000;0.000;0.000;
20.03.2026 11:35:00;902.251;1388.121;1391.881;969.091;1.559;1.940;25.024;1207.225;0.000;0.000;1.000;0.000;0.000;
20.03.2026 11:40:00;902.382;1388.124;1417.099;981.422;1.559;1.961;25.015;1226.268;0.000;0.000;1.000;0.000;0.000;
20.03.2026 11:45:00;902.323;1388.124;1529.617;1057.747;1.558;1.984;25.011;1232.899;0.000;0.000;1.000;0.000;0.000;
20.03.2026 11:50:00;753.249;1452.249;1389.869;784.836;1.558;2.001;25.158;1232.674;0.000;0.000;1.000;0.000;0.000;
20.03.2026 11:55:00;753.249;1452.249;1384.699;785.420;1.563;2.009;25.052;1214.779;0.000;0.000;1.000;0.000;0.000;
20.03.2026 12:00:00;753.249;1452.249;1164.596;398.288;1.569;2.018;24.697;1193.187;0.000;0.000;1.000;0.000;0.000;
20.03.2026 12:05:00;652.999;1349.501;985.182;394.179;1.579;2.024;24.332;1168.307;0.000;0.000;1.000;0.000;0.000;
20.03.2026 12:10:00;652.999;1349.443;902.615;379.615;1.591;2.026;24.396;1164.569;0.000;0.000;1.000;0.000;0.000;
20.03.2026 12:15:00;652.999;1349.465;864.271;359.399;1.603;2.032;24.234;1168.928;0.000;0.000;1.000;0.000;0.000;
20.03.2026 12:20:00;652.999;1168.374;824.209;347.526;1.615;2.044;23.818;1172.534;0.000;0.000;1.000;0.000;0.000;
20.03.2026 12:25:00;652.999;1168.372;762.753;326.536;1.626;2.059;23.401;1198.348;0.000;0.000;1.000;0.000;0.000;
20.03.2026 12:30:00;652.999;1168.359;767.858;319.826;1.638;2.077;23.388;1252.898;0.000;0.000;1.000;0.000;0.000;
20.03.2026 12:35:00;652.999;1032.626;680.141;356.585;1.649;2.095;23.900;1243.135;0.000;0.000;1.000;0.000;0.000;
20.03.2026 12:40:00;652.999;1032.684;774.377;474.217;1.659;2.118;24.099;1225.520;0.000;0.000;1.000;0.000;0.000;
20.03.2026 12:45:00;652.999;1032.626;799.714;450.661;1.668;2.144;23.795;1209.782;0.000;0.000;1.000;0.000;0.000;
20.03.2026 12:50:00;652.999;979.542;967.047;615.160;1.675;2.172;23.397;1182.109;0.000;0.000;1.000;0.000;0.000;
20.03.2026 12:55:00;652.989;979.350;902.660;616.399;1.682;2.198;23.101;1147.490;0.000;0.000;1.000;0.000;0.000;
20.03.2026 13:00:00;652.999;979.422;861.486;586.328;1.687;2.224;22.850;1099.878;0.000;0.000;1.000;0.000;0.000;
20.03.2026 13:05:00;652.999;1083.999;902.072;565.531;1.696;2.236;23.051;1079.187;0.000;0.000;1.000;0.000;0.000;
20.03.2026 13:10:00;652.999;1083.999;856.086;517.365;1.704;2.248;23.093;1047.742;0.000;0.000;1.000;0.000;0.000;
20.03.2026 13:15:00;652.999;1083.999;960.636;537.074;1.712;2.260;23.115;1006.017;0.000;0.000;1.000;0.000;0.000;
20.03.2026 13:20:00;652.999;1087.749;945.157;563.304;1.722;2.267;23.299;973.483;0.000;0.000;1.000;0.000;0.000;
20.03.2026 13:25:00;652.999;1087.749;1087.771;620.299;1.730;2.276;23.482;953.451;0.000;0.000;1.000;0.000;0.000;
20.03.2026 13:30:00;652.979;1087.749;963.554;543.884;1.737;2.288;23.400;891.518;0.000;0.000;1.000;0.000;0.000;
20.03.2026 13:35:00;652.999;1062.249;959.238;593.147;1.745;2.300;23.354;851.814;0.000;0.000;1.000;0.000;0.000;
20.03.2026 13:40:00;652.999;1062.247;900.760;577.685;1.753;2.308;22.874;891.474;0.000;0.000;1.000;0.000;0.000;
20.03.2026 13:45:00;652.999;1062.249;922.362;590.103;1.761;2.320;22.733;943.893;0.000;0.000;1.000;0.000;0.000;
20.03.2026 13:50:00;652.999;1048.354;981.216;595.470;1.769;2.331;22.732;963.631;0.000;0.000;1.000;0.000;0.000;
20.03.2026 13:55:00;652.999;1048.301;889.095;595.964;1.776;2.344;22.917;971.352;0.000;0.000;1.000;0.000;0.000;
20.03.2026 14:00:00;652.983;1048.551;869.027;557.198;1.783;2.357;22.780;978.667;0.000;0.000;1.000;0.000;0.000;
20.03.2026 14:05:00;652.999;998.124;929.333;624.876;1.790;2.373;22.545;978.581;0.000;0.000;1.000;0.000;0.000;
20.03.2026 14:10:00;652.999;998.103;855.324;516.245;1.797;2.386;22.383;991.125;0.000;0.000;1.000;0.000;0.000;
20.03.2026 14:15:00;652.999;998.112;894.746;597.918;1.805;2.401;21.699;1000.517;0.000;0.000;1.000;0.000;0.000;
20.03.2026 14:20:00;652.999;953.876;893.331;638.380;1.810;2.420;21.398;1019.701;0.000;0.000;1.000;0.000;0.000;
20.03.2026 14:25:00;652.999;953.903;1019.114;758.787;1.815;2.440;21.004;1040.023;0.000;0.000;1.000;0.000;0.000;
20.03.2026 14:30:00;652.919;953.876;1031.466;809.015;1.819;2.460;20.716;1019.543;0.000;0.000;1.000;0.000;0.000;
20.03.2026 14:35:00;652.999;930.249;1062.101;759.102;1.822;2.478;20.399;981.209;0.000;0.000;1.000;0.000;0.000;
20.03.2026 14:40:00;652.999;930.249;999.845;711.039;1.826;2.493;20.097;938.969;0.000;0.000;1.000;0.000;0.000;
20.03.2026 14:45:00;652.999;930.249;1046.682;787.488;1.830;2.505;20.145;917.450;0.000;0.000;1.000;0.000;0.000;
20.03.2026 14:50:00;652.999;909.999;1078.304;836.920;1.833;2.518;19.990;891.272;0.000;0.000;1.000;0.000;0.000;
20.03.2026 14:55:00;652.999;909.999;1107.008;936.310;1.835;2.533;20.023;849.856;0.000;0.000;1.000;0.000;0.000;
20.03.2026 15:00:00;652.999;909.999;1067.031;859.829;1.836;2.549;19.886;802.449;0.000;0.000;1.000;0.000;0.000;
20.03.2026 15:05:00;652.999;833.093;1025.593;919.490;1.838;2.561;19.316;734.375;0.000;0.000;1.000;0.000;0.000;
20.03.2026 15:10:00;652.999;832.797;1142.438;943.124;1.840;2.571;19.122;649.656;0.000;0.000;1.000;0.000;0.000;
20.03.2026 15:15:00;652.999;833.065;1099.775;868.697;1.842;2.584;19.000;637.313;0.000;0.000;1.000;0.000;0.000;
20.03.2026 15:20:00;652.999;862.374;1091.334;958.339;1.844;2.593;18.715;621.298;0.000;0.000;1.000;0.000;0.000;
20.03.2026 15:25:00;652.999;862.370;1226.143;1007.567;1.846;2.606;18.750;591.174;0.000;0.000;1.000;0.000;0.000;
20.03.2026 15:30:00;652.999;862.374;1194.335;998.757;1.846;2.619;18.431;546.717;0.000;0.000;1.000;0.000;0.000;
20.03.2026 15:35:00;652.999;894.239;1226.680;1080.785;1.846;2.633;18.258;505.179;0.000;0.000;1.000;0.000;0.000;
20.03.2026 15:40:00;652.999;894.691;1193.955;1013.055;1.846;2.646;18.400;469.663;0.000;0.000;1.000;0.000;0.000;
20.03.2026 15:45:00;652.939;894.500;1175.436;933.521;1.846;2.660;18.325;452.085;0.000;0.000;1.000;0.000;0.000;
20.03.2026 15:50:00;652.999;941.124;1126.120;871.107;1.849;2.670;18.033;455.050;0.000;0.000;1.000;0.000;0.000;
20.03.2026 15:55:00;652.999;941.124;1181.459;924.376;1.852;2.679;17.804;475.343;0.000;0.000;1.000;0.000;0.000;
20.03.2026 16:00:00;652.999;941.123;1129.665;851.707;1.853;2.692;17.649;497.214;0.000;0.000;1.000;0.000;0.000;
20.03.2026 16:05:00;652.992;1060.374;1152.769;778.373;1.858;2.696;17.599;516.958;0.000;0.000;1.000;0.000;0.000;
20.03.2026 16:10:00;652.999;1060.374;1156.667;849.761;1.863;2.695;17.389;528.653;0.000;0.000;1.000;0.000;0.000;
20.03.2026 16:15:00;652.999;1060.374;1300.562;955.965;1.867;2.697;17.324;520.869;0.000;0.000;1.000;0.000;0.000;
20.03.2026 16:20:00;652.999;1179.133;1393.223;858.722;1.871;2.698;17.263;489.487;0.000;0.000;1.000;0.000;0.000;
20.03.2026 16:25:00;652.999;1179.663;1421.943;942.160;1.874;2.696;17.074;319.669;0.000;0.000;1.000;0.000;0.000;
20.03.2026 16:30:00;652.999;1179.351;1532.090;1072.265;1.876;2.696;16.997;376.557;0.000;0.000;1.000;0.000;0.000;
20.03.2026 16:35:00;753.249;1292.355;1593.273;1020.044;1.876;2.696;16.796;274.047;0.000;0.000;1.000;0.000;0.000;
20.03.2026 16:40:00;753.249;1292.606;1559.175;1084.842;1.877;2.697;16.661;233.740;0.000;0.000;1.000;0.000;0.000;
20.03.2026 16:45:00;753.249;1292.371;1720.629;1204.973;1.876;2.694;16.411;262.069;0.000;0.000;1.000;0.000;0.000;
20.03.2026 16:50:00;902.251;1408.374;1789.813;1278.724;1.874;2.696;16.190;313.379;0.000;0.000;1.000;0.000;0.000;
20.03.2026 16:55:00;902.249;1408.338;1825.838;1341.078;1.870;2.695;16.077;303.321;0.000;0.000;1.000;0.000;0.000;
20.03.2026 17:00:00;902.251;1408.376;1848.388;1415.614;1.865;2.694;15.991;205.307;0.000;0.000;1.000;0.000;0.000;
20.03.2026 17:05:00;902.251;1519.964;1767.994;1201.654;1.862;2.684;15.837;258.015;0.000;0.000;1.000;0.000;0.000;
20.03.2026 17:10:00;902.251;1519.828;1775.307;1253.559;1.862;2.667;15.615;281.192;0.000;0.000;1.000;0.000;0.000;
20.03.2026 17:15:00;902.249;1519.886;1878.548;1305.182;1.861;2.654;15.611;273.392;0.000;0.000;1.000;0.000;0.000;
20.03.2026 17:20:00;1102.501;1613.499;1867.213;1425.418;1.857;2.647;15.510;247.918;0.000;0.000;1.000;0.000;0.000;
20.03.2026 17:25:00;1102.499;1613.499;1850.908;1265.029;1.853;2.641;15.388;106.418;0.000;0.000;1.000;0.000;0.000;
20.03.2026 17:30:00;1102.501;1613.499;1848.723;1397.258;1.850;2.632;15.294;115.399;0.000;0.000;1.000;0.000;0.000;
20.03.2026 17:35:00;1302.739;1686.624;1905.855;1611.130;1.844;2.632;15.092;125.486;0.000;0.000;1.000;0.000;0.000;
20.03.2026 17:40:00;1302.784;1686.624;1858.146;1602.316;1.836;2.634;14.977;59.238;0.000;0.000;1.000;0.000;0.000;
20.03.2026 17:45:00;1302.780;1686.620;2037.228;1631.632;1.827;2.636;14.784;58.392;0.000;0.000;1.000;0.000;0.000;
20.03.2026 17:50:00;1402.618;1776.251;1894.755;1608.115;1.819;2.634;14.765;59.848;0.000;0.000;1.000;0.000;0.000;
20.03.2026 17:55:00;1402.749;1776.251;1965.948;1616.829;1.810;2.630;14.626;52.656;0.000;0.000;1.000;0.000;0.000;
20.03.2026 18:00:00;1402.786;1776.249;1967.727;1633.048;1.802;2.624;14.399;47.241;0.000;0.000;1.000;0.000;0.000;
20.03.2026 18:05:00;1402.756;1840.374;1981.500;1547.283;1.794;2.617;14.246;41.737;0.000;0.000;1.000;0.000;0.000;
20.03.2026 18:10:00;1402.751;1840.374;1890.677;1496.350;1.787;2.615;14.191;35.380;0.000;0.000;1.000;0.000;0.000;
20.03.2026 18:15:00;1402.799;1840.374;1960.825;1563.252;1.781;2.616;14.048;29.588;0.000;0.000;1.000;0.000;0.000;
20.03.2026 18:20:00;1402.833;1878.999;2031.897;1591.939;1.775;2.606;13.931;19.688;0.000;0.000;1.000;0.000;0.000;
20.03.2026 18:25:00;1402.785;1878.979;2021.707;1611.620;1.767;2.596;13.799;16.067;0.000;0.000;1.000;0.000;0.000;
20.03.2026 18:30:00;1402.727;1878.983;2041.315;1651.007;1.758;2.586;13.586;10.228;0.000;0.000;1.000;0.000;0.000;
20.03.2026 18:35:00;1402.770;1913.874;2155.212;1669.045;1.750;2.574;13.374;6.684;0.000;0.000;1.000;0.000;0.000;
20.03.2026 18:40:00;1402.732;1913.871;2102.331;1616.282;1.741;2.569;13.122;4.343;0.000;0.000;1.000;0.000;0.000;
20.03.2026 18:45:00;1402.769;1913.874;2053.281;1617.277;1.733;2.559;12.920;2.558;0.000;0.000;1.000;0.000;0.000;
20.03.2026 18:50:00;1402.749;1940.189;2088.612;1604.258;1.726;2.553;12.787;1.854;0.000;0.000;1.000;0.000;0.000;
20.03.2026 18:55:00;1402.795;1940.486;2019.448;1531.055;1.718;2.549;12.673;1.014;0.000;0.000;1.000;0.000;0.000;
20.03.2026 19:00:00;1402.816;1940.414;2119.018;1631.138;1.710;2.546;12.467;0.450;0.000;0.000;1.000;0.000;0.000;
20.03.2026 19:05:00;1402.758;2009.384;2123.429;1583.701;1.702;2.544;12.314;0.450;0.000;0.000;1.000;0.000;0.000;
20.03.2026 19:10:00;1402.757;2009.286;2186.085;1607.697;1.694;2.544;12.161;0.450;0.000;0.000;1.000;0.000;0.000;
20.03.2026 19:15:00;1402.946;2009.296;2209.307;1619.961;1.685;2.545;11.994;0.450;0.000;0.000;1.000;0.000;0.000;
20.03.2026 19:20:00;1402.842;2017.434;2222.045;1632.576;1.676;2.546;11.732;0.450;0.000;0.000;1.000;0.000;0.000;
20.03.2026 19:25:00;1402.755;2017.060;2164.494;1628.713;1.667;2.546;11.555;0.450;0.000;0.000;1.000;0.000;0.000;
20.03.2026 19:30:00;1402.880;2016.915;2181.747;1639.551;1.658;2.545;11.499;0.450;0.000;0.000;1.000;0.000;0.000;
20.03.2026 19:35:00;1402.776;1988.837;2200.923;1644.183;1.649;2.543;11.448;0.450;0.000;0.000;1.000;0.000;0.000;
20.03.2026 19:40:00;1402.754;1988.874;2167.453;1623.086;1.640;2.540;11.297;0.448;0.000;0.000;1.000;0.000;0.000;
20.03.2026 19:45:00;1402.842;1988.874;2119.737;1604.118;1.632;2.532;11.267;0.460;0.000;0.000;1.000;0.000;0.000;
20.03.2026 19:50:00;1402.800;1942.615;2064.779;1592.350;1.624;2.525;11.169;0.450;0.000;0.000;1.000;0.000;0.000;
20.03.2026 19:55:00;1402.933;1942.624;2090.051;1635.234;1.615;2.520;10.839;0.450;0.000;0.000;1.000;0.000;0.000;
20.03.2026 20:00:00;1402.751;1942.603;2083.615;1533.795;1.608;2.511;10.625;0.449;0.000;0.000;1.000;0.000;0.000;
20.03.2026 20:05:00;1402.891;1944.630;1999.478;1503.961;1.601;2.503;10.316;0.454;0.000;0.000;1.000;0.000;0.000;
20.03.2026 20:10:00;1402.840;1944.604;2105.982;1517.589;1.594;2.495;10.146;0.424;0.000;0.000;1.000;0.000;0.000;
20.03.2026 20:15:00;1402.780;1944.725;2016.977;1541.432;1.588;2.488;9.933;0.450;0.000;0.000;1.000;0.000;0.000;
20.03.2026 20:20:00;1402.835;1880.862;2044.776;1574.604;1.580;2.485;9.900;0.450;0.000;0.000;1.000;0.000;0.000;
20.03.2026 20:25:00;1402.901;1880.874;2005.435;1583.396;1.571;2.485;9.800;0.413;0.000;0.000;1.000;0.000;0.000;
20.03.2026 20:30:00;1402.751;1880.869;1999.157;1547.888;1.564;2.483;9.600;0.450;0.000;0.000;1.000;0.000;0.000;
20.03.2026 20:35:00;1402.846;1842.245;1973.069;1620.171;1.555;2.485;9.568;0.450;0.000;0.000;1.000;0.000;0.000;
20.03.2026 20:40:00;1402.841;1842.249;2086.032;1624.090;1.546;2.485;9.478;0.450;0.000;0.000;1.000;0.000;0.000;
20.03.2026 20:45:00;1402.762;1842.249;2047.560;1634.092;1.537;2.487;9.300;0.450;0.000;0.000;1.000;0.000;0.000;
20.03.2026 20:50:00;1402.753;1793.860;2065.696;1643.310;1.527;2.487;9.211;0.451;0.000;0.000;1.000;0.000;0.000;
20.03.2026 20:55:00;1402.751;1793.117;2023.704;1649.413;1.518;2.484;9.204;0.450;0.000;0.000;1.000;0.000;0.000;
20.03.2026 21:00:00;1402.934;1793.087;1938.390;1645.170;1.509;2.480;9.199;0.450;0.000;0.000;1.000;0.000;0.000;
20.03.2026 21:05:00;1302.879;1910.124;2085.913;1370.646;1.503;2.467;9.104;0.450;0.000;0.000;1.000;0.000;0.000;
20.03.2026 21:10:00;1302.827;1909.925;2077.895;1537.892;1.497;2.456;9.128;0.450;0.000;0.000;1.000;0.000;0.000;
20.03.2026 21:15:00;1302.998;1910.123;2093.648;1532.825;1.490;2.449;8.990;0.450;0.000;0.000;1.000;0.000;0.000;
20.03.2026 21:20:00;1202.501;1913.874;1988.681;1306.124;1.486;2.437;8.904;0.450;0.000;0.000;1.000;0.000;0.000;
20.03.2026 21:25:00;1202.502;1913.874;2010.852;1375.841;1.483;2.424;8.722;0.450;0.000;0.000;1.000;0.000;0.000;
20.03.2026 21:30:00;1202.557;1913.809;1984.049;1333.732;1.479;2.416;8.700;0.450;0.000;0.000;1.000;0.000;0.000;
20.03.2026 21:35:00;1102.499;1844.124;1936.615;1239.542;1.477;2.407;8.677;0.450;0.000;0.000;1.000;0.000;0.000;
20.03.2026 21:40:00;1102.501;1844.124;1944.149;1285.015;1.476;2.402;8.617;0.450;0.000;0.000;1.000;0.000;0.000;
20.03.2026 21:45:00;1102.499;1844.124;1972.558;1234.930;1.474;2.401;8.623;0.450;0.000;0.000;1.000;0.000;0.000;
20.03.2026 21:50:00;1002.250;1757.874;1940.104;1213.475;1.472;2.399;8.614;0.450;0.000;0.000;1.000;0.000;0.000;
20.03.2026 21:55:00;1002.250;1757.874;1888.026;1181.994;1.471;2.401;8.632;0.449;0.000;0.000;1.000;0.000;0.000;
20.03.2026 22:00:00;1002.245;1757.874;1859.301;1156.767;1.470;2.401;8.599;0.460;0.000;0.000;1.000;0.000;0.000;
20.03.2026 22:05:00;902.287;1770.952;1920.070;1029.689;1.471;2.401;8.448;0.450;0.000;0.000;1.000;0.000;0.000;
20.03.2026 22:10:00;902.249;1770.927;1906.352;1094.814;1.471;2.403;8.359;0.450;0.000;0.000;1.000;0.000;0.000;
20.03.2026 22:15:00;902.331;1770.999;1924.940;1142.748;1.471;2.410;8.294;0.450;0.000;0.000;1.000;0.000;0.000;
20.03.2026 22:20:00;902.249;1746.999;1970.995;1179.948;1.470;2.416;8.200;0.506;0.000;0.000;1.000;0.000;0.000;
20.03.2026 22:25:00;902.251;1746.996;1941.155;1182.250;1.468;2.428;8.124;0.450;0.000;0.000;1.000;0.000;0.000;
20.03.2026 22:30:00;902.251;1746.999;1817.848;1028.210;1.468;2.437;8.100;0.452;0.000;0.000;1.000;0.000;0.000;
20.03.2026 22:35:00;902.254;1793.075;1974.995;1029.115;1.470;2.438;8.083;0.450;0.000;0.000;1.000;0.000;0.000;
20.03.2026 22:40:00;902.257;1792.774;1953.085;1103.619;1.469;2.446;8.100;0.451;0.000;0.000;1.000;0.000;0.000;
20.03.2026 22:45:00;902.252;1792.784;1872.826;1029.929;1.470;2.451;8.028;0.450;0.000;0.000;1.000;0.000;0.000;
20.03.2026 22:50:00;902.251;1776.249;1853.577;1045.703;1.471;2.455;8.027;0.450;0.000;0.000;1.000;0.000;0.000;
20.03.2026 22:55:00;902.282;1776.211;1839.512;1052.224;1.472;2.457;7.992;0.450;0.000;0.000;1.000;0.000;0.000;
20.03.2026 23:00:00;902.364;1776.249;1834.735;1035.136;1.474;2.461;8.013;0.450;0.000;0.000;1.000;0.000;0.000;
20.03.2026 23:05:00;902.251;1774.374;1908.210;990.242;1.475;2.463;7.800;0.487;0.000;0.000;1.000;0.000;0.000;
20.03.2026 23:10:00;902.300;1774.366;1972.649;1160.834;1.475;2.470;7.611;0.450;0.000;0.000;1.000;0.000;0.000;
20.03.2026 23:15:00;902.341;1774.374;1913.582;1100.572;1.474;2.479;7.500;0.475;0.000;0.000;1.000;0.000;0.000;
20.03.2026 23:20:00;902.251;1727.171;1858.060;1081.554;1.474;2.484;7.497;0.451;0.000;0.000;1.000;0.000;0.000;
20.03.2026 23:25:00;902.251;1727.314;1867.365;1109.277;1.474;2.488;7.568;0.450;0.000;0.000;1.000;0.000;0.000;
20.03.2026 23:30:00;902.255;1727.109;1832.776;1108.570;1.474;2.491;7.525;0.459;0.000;0.000;1.000;0.000;0.000;
20.03.2026 23:35:00;902.251;1638.999;1805.501;1161.991;1.473;2.494;7.694;0.450;0.000;0.000;1.000;0.000;0.000;
20.03.2026 23:40:00;902.251;1639.001;1806.868;1103.760;1.473;2.495;7.679;0.450;0.000;0.000;1.000;0.000;0.000;
20.03.2026 23:45:00;902.273;1638.999;1769.025;1097.959;1.473;2.495;7.545;0.452;0.000;0.000;1.000;0.000;0.000;
20.03.2026 23:50:00;902.269;1567.749;1788.780;1093.840;1.473;2.496;7.485;0.450;0.000;0.000;1.000;0.000;0.000;
20.03.2026 23:55:00;902.205;1567.749;1922.226;1284.140;1.471;2.502;7.325;0.450;0.000;0.000;1.000;0.000;0.000;
21.03.2026 00:00:00;902.251;1567.669;1882.184;1264.683;1.467;2.511;7.372;0.450;0.000;0.000;1.000;0.000;0.000;
21.03.2026 00:05:00;703.249;1899.249;1866.038;984.253;1.466;2.513;7.267;0.450;0.000;0.000;1.000;0.000;0.000;
21.03.2026 00:10:00;703.249;1899.215;1821.008;708.364;1.472;2.501;7.201;0.450;0.000;0.000;1.000;0.000;0.000;
21.03.2026 00:15:00;703.212;1899.249;1738.098;579.677;1.482;2.485;7.293;0.450;0.000;0.000;1.000;0.000;0.000;
21.03.2026 00:20:00;703.249;2003.499;2003.179;506.331;1.493;2.470;7.262;0.450;0.000;0.000;1.000;0.000;0.000;
21.03.2026 00:25:00;703.249;2003.499;2113.086;836.780;1.502;2.467;7.202;0.450;0.000;0.000;1.000;0.000;0.000;
21.03.2026 00:30:00;703.249;2003.499;2144.434;882.184;1.506;2.479;7.159;0.414;0.000;0.000;1.000;0.000;0.000;
21.03.2026 00:35:00;703.249;2036.114;2132.432;852.451;1.510;2.492;7.017;0.450;0.000;0.000;1.000;0.000;0.000;
21.03.2026 00:40:00;703.249;2036.008;2082.532;806.481;1.514;2.504;7.115;0.450;0.000;0.000;1.000;0.000;0.000;
21.03.2026 00:45:00;703.249;2036.333;2047.468;801.362;1.518;2.516;7.194;0.450;0.000;0.000;1.000;0.000;0.000;
21.03.2026 00:50:00;703.241;1977.900;1906.285;681.522;1.524;2.524;7.205;0.450;0.000;0.000;1.000;0.000;0.000;
21.03.2026 00:55:00;703.249;1977.999;1844.296;604.164;1.532;2.529;7.086;0.450;0.000;0.000;1.000;0.000;0.000;
21.03.2026 01:00:00;703.249;1977.999;1734.806;485.262;1.541;2.532;7.063;0.450;0.000;0.000;1.000;0.000;0.000;
21.03.2026 01:05:00;703.249;1864.374;1683.182;608.693;1.550;2.544;6.972;0.450;0.000;0.000;1.000;0.000;0.000;
21.03.2026 01:10:00;703.249;1864.376;1598.438;518.672;1.559;2.547;6.951;0.450;0.000;0.000;1.000;0.000;0.000;
21.03.2026 01:15:00;703.249;1864.628;1626.351;524.699;1.570;2.550;6.967;0.457;0.000;0.000;1.000;0.000;0.000;
21.03.2026 01:20:00;703.249;1737.187;1612.656;674.962;1.579;2.559;6.941;0.450;0.000;0.000;1.000;0.000;0.000;
21.03.2026 01:25:00;703.249;1737.539;1620.667;634.651;1.587;2.565;6.918;0.450;0.000;0.000;1.000;0.000;0.000;
21.03.2026 01:30:00;703.249;1737.392;1629.044;645.609;1.595;2.573;6.901;0.451;0.000;0.000;1.000;0.000;0.000;
21.03.2026 01:35:00;703.249;1866.470;1730.607;457.878;1.605;2.573;7.000;0.450;0.000;0.000;1.000;0.000;0.000;
21.03.2026 01:40:00;703.249;1866.487;2104.782;885.423;1.613;2.578;6.999;0.506;0.000;0.000;1.000;0.000;0.000;
21.03.2026 01:45:00;703.249;1866.579;2006.797;871.056;1.616;2.593;6.985;0.450;0.000;0.000;1.000;0.000;0.000;
21.03.2026 01:50:00;703.249;2113.373;1993.653;632.282;1.622;2.598;7.011;0.450;0.000;0.000;1.000;0.000;0.000;
21.03.2026 01:55:00;703.249;2113.373;2053.516;685.727;1.630;2.598;7.087;0.450;0.000;0.000;1.000;0.000;0.000;
21.03.2026 02:00:00;703.249;2113.213;2081.658;704.814;1.637;2.595;7.199;0.450;0.000;0.000;1.000;0.000;0.000;
21.03.2026 02:05:00;703.249;1981.374;2051.554;819.380;1.643;2.598;7.200;0.450;0.000;0.000;1.000;0.000;0.000;
21.03.2026 02:10:00;703.249;1981.366;1935.367;772.083;1.648;2.601;7.078;0.450;0.000;0.000;1.000;0.000;0.000;
21.03.2026 02:15:00;703.165;1981.374;1968.326;694.634;1.655;2.601;7.065;0.450;0.000;0.000;1.000;0.000;0.000;
21.03.2026 02:20:00;703.249;1820.499;1882.515;872.771;1.660;2.604;6.999;0.450;0.000;0.000;1.000;0.000;0.000;
21.03.2026 02:25:00;703.249;1820.447;1806.584;736.325;1.665;2.605;6.914;0.409;0.000;0.000;1.000;0.000;0.000;
21.03.2026 02:30:00;703.249;1820.433;1684.902;631.051;1.673;2.604;6.908;0.450;0.000;0.000;1.000;0.000;0.000;
21.03.2026 02:35:00;703.249;1703.124;1614.751;702.154;1.680;2.603;6.890;0.450;0.000;0.000;1.000;0.000;0.000;
21.03.2026 02:40:00;703.249;1703.124;1611.436;672.811;1.688;2.603;6.700;0.450;0.000;0.000;1.000;0.000;0.000;
21.03.2026 02:45:00;703.249;1703.124;1639.583;700.445;1.696;2.603;6.618;0.450;0.000;0.000;1.000;0.000;0.000;
21.03.2026 02:50:00;703.249;1631.499;1591.348;695.351;1.703;2.609;6.537;0.450;0.000;0.000;1.000;0.000;0.000;
21.03.2026 02:55:00;703.249;1631.498;1435.937;560.303;1.711;2.611;6.410;0.450;0.000;0.000;1.000;0.000;0.000;
21.03.2026 03:00:00;703.249;1631.499;1440.084;564.405;1.720;2.612;6.437;0.450;0.000;0.000;1.000;0.000;0.000;
21.03.2026 03:05:00;703.249;1662.095;1485.358;566.254;1.730;2.614;6.400;0.450;0.000;0.000;1.000;0.000;0.000;
21.03.2026 03:10:00;703.153;1662.123;1460.331;549.728;1.739;2.618;6.366;0.450;0.000;0.000;1.000;0.000;0.000;
21.03.2026 03:15:00;703.249;1662.198;1427.684;487.608;1.749;2.622;6.333;0.450;0.000;0.000;1.000;0.000;0.000;
21.03.2026 03:20:00;703.243;1633.317;1533.520;616.422;1.757;2.631;6.256;0.450;0.000;0.000;1.000;0.000;0.000;
21.03.2026 03:25:00;703.249;1633.374;1577.838;653.029;1.765;2.640;6.299;0.450;0.000;0.000;1.000;0.000;0.000;
21.03.2026 03:30:00;703.249;1633.374;1630.382;759.832;1.771;2.652;6.288;0.450;0.000;0.000;1.000;0.000;0.000;
21.03.2026 03:35:00;703.249;1870.240;2021.883;514.346;1.779;2.659;6.297;0.450;0.000;0.000;1.000;0.000;0.000;
21.03.2026 03:40:00;703.249;1870.442;2220.215;1038.400;1.785;2.668;6.100;0.452;0.000;0.000;1.000;0.000;0.000;
21.03.2026 03:45:00;703.249;1870.479;2235.547;1130.772;1.784;2.688;6.040;0.454;0.000;0.000;1.000;0.000;0.000;
21.03.2026 03:50:00;703.249;2181.248;2201.246;758.616;1.784;2.698;6.099;0.450;0.000;0.000;1.000;0.000;0.000;
21.03.2026 03:55:00;703.249;2181.248;2086.495;764.362;1.791;2.692;6.128;0.450;0.000;0.000;1.000;0.000;0.000;
21.03.2026 04:00:00;703.249;2181.248;2023.808;566.925;1.800;2.682;6.071;0.450;0.000;0.000;1.000;0.000;0.000;
21.03.2026 04:05:00;703.249;2060.120;1950.115;645.163;1.809;2.674;6.058;0.450;0.000;0.000;1.000;0.000;0.000;
21.03.2026 04:10:00;703.249;2060.123;1938.020;584.795;1.818;2.668;6.092;0.450;0.000;0.000;1.000;0.000;0.000;
21.03.2026 04:15:00;703.249;2060.013;1847.739;546.095;1.828;2.663;6.015;0.452;0.000;0.000;1.000;0.000;0.000;
21.03.2026 04:20:00;703.249;1910.124;1817.221;657.326;1.836;2.661;5.962;0.480;0.000;0.000;1.000;0.000;0.000;
21.03.2026 04:25:00;703.249;1910.124;1741.424;598.896;1.844;2.665;5.914;0.450;0.000;0.000;1.000;0.000;0.000;
21.03.2026 04:30:00;703.249;1910.124;1732.338;552.662;1.853;2.668;5.870;0.450;0.000;0.000;1.000;0.000;0.000;
21.03.2026 04:35:00;703.249;1812.940;1671.578;638.362;1.860;2.674;5.912;0.450;0.000;0.000;1.000;0.000;0.000;
21.03.2026 04:40:00;703.249;1812.988;1650.722;610.014;1.868;2.681;5.801;0.540;0.000;0.000;1.000;0.000;0.000;
21.03.2026 04:45:00;703.198;1812.930;1609.032;578.850;1.876;2.688;5.717;0.487;0.000;0.000;1.000;0.000;0.000;
21.03.2026 04:50:00;703.249;1740.763;1614.732;605.970;1.885;2.694;5.717;0.450;0.000;0.000;1.000;0.000;0.000;
21.03.2026 04:55:00;703.249;1740.879;1588.883;578.616;1.892;2.704;5.750;0.459;0.000;0.000;1.000;0.000;0.000;
21.03.2026 05:00:00;703.249;1740.589;1621.008;666.167;1.900;2.709;5.560;0.452;0.000;0.000;1.000;0.000;0.000;
21.03.2026 05:05:00;703.249;1719.715;1613.835;610.936;1.907;2.717;5.501;0.450;0.000;0.000;1.000;0.000;0.000;
21.03.2026 05:10:00;703.249;1719.648;1729.049;799.014;1.915;2.726;5.517;0.457;0.000;0.000;1.000;0.000;0.000;
21.03.2026 05:15:00;703.249;1719.637;1797.208;799.346;1.919;2.736;5.672;0.491;0.000;0.000;1.000;0.000;0.000;
21.03.2026 05:20:00;902.279;1675.749;1725.462;995.289;1.921;2.749;5.773;0.409;0.000;0.000;1.000;0.000;0.000;
21.03.2026 05:25:00;902.332;1675.626;1753.093;1013.539;1.922;2.760;5.759;0.457;0.000;0.000;1.000;0.000;0.000;
21.03.2026 05:30:00;902.328;1675.742;1734.755;1013.568;1.922;2.763;5.685;0.481;0.000;0.000;1.000;0.000;0.000;
21.03.2026 05:35:00;1002.259;1695.624;1697.986;1038.628;1.922;2.769;5.502;0.471;0.000;0.000;1.000;0.000;0.000;
21.03.2026 05:40:00;1002.294;1695.624;1717.886;1056.827;1.923;2.769;5.484;0.455;0.000;0.000;1.000;0.000;0.000;
21.03.2026 05:45:00;1002.237;1695.624;1668.288;1061.313;1.924;2.765;5.486;0.451;0.000;0.000;1.000;0.000;0.000;
21.03.2026 05:50:00;1202.609;1716.066;1694.966;1205.706;1.923;2.758;5.425;0.485;0.000;0.000;1.000;0.000;0.000;
21.03.2026 05:55:00;1202.629;1716.068;1777.451;1334.541;1.921;2.750;5.253;0.552;0.000;0.000;1.000;0.000;0.000;
21.03.2026 06:00:00;1202.577;1715.973;1785.628;1294.414;1.920;2.737;5.160;0.540;0.000;0.000;1.000;0.000;0.000;
21.03.2026 06:05:00;1302.932;1779.941;1783.264;1366.577;1.916;2.725;5.119;0.460;0.000;0.000;1.000;0.000;0.000;
21.03.2026 06:10:00;1302.959;1780.001;1772.970;1312.422;1.914;2.708;5.132;0.563;0.000;0.000;1.000;0.000;0.000;
21.03.2026 06:15:00;1302.894;1780.001;1794.248;1344.551;1.911;2.689;5.079;1.149;0.000;0.000;1.000;0.000;0.000;
21.03.2026 06:20:00;1403.048;1795.188;1777.019;1469.887;1.906;2.669;5.078;1.959;0.000;0.000;1.000;0.000;0.000;
21.03.2026 06:25:00;1402.767;1795.282;1671.650;1317.534;1.903;2.648;4.981;3.233;0.000;0.000;1.000;0.000;0.000;
21.03.2026 06:30:00;1402.839;1795.431;1747.670;1405.611;1.901;2.620;4.900;4.387;0.000;0.000;1.000;0.000;0.000;
21.03.2026 06:35:00;1402.801;1829.499;1759.651;1373.958;1.898;2.599;4.897;6.477;0.000;0.000;1.000;0.000;0.000;
21.03.2026 06:40:00;1402.871;1829.452;1816.976;1397.426;1.894;2.577;4.927;8.775;0.000;0.000;1.000;0.000;0.000;
21.03.2026 06:45:00;1402.942;1829.167;1763.840;1365.026;1.891;2.557;5.109;13.163;0.000;0.000;1.000;0.000;0.000;
21.03.2026 06:50:00;1402.839;1867.433;1735.953;1333.893;1.888;2.538;5.222;18.209;0.000;0.000;1.000;0.000;0.000;
21.03.2026 06:55:00;1403.012;1867.795;1699.048;1324.626;1.885;2.522;5.393;25.004;0.000;0.000;1.000;0.000;0.000;
21.03.2026 07:00:00;1402.786;1867.186;1697.040;1349.209;1.883;2.504;5.427;29.116;0.000;0.000;1.000;0.000;0.000;
21.03.2026 07:05:00;1402.962;1869.314;1694.982;1323.591;1.881;2.489;5.479;32.828;0.000;0.000;1.000;0.000;0.000;
21.03.2026 07:10:00;1402.912;1869.117;1717.453;1302.568;1.880;2.475;5.660;37.408;0.000;0.000;1.000;0.000;0.000;
21.03.2026 07:15:00;1402.775;1868.983;1749.541;1283.059;1.877;2.464;5.674;42.170;0.000;0.000;1.000;0.000;0.000;
21.03.2026 07:20:00;1402.809;1849.749;1650.770;1235.533;1.875;2.452;5.727;48.003;0.000;0.000;1.000;0.000;0.000;
21.03.2026 07:25:00;1403.168;1849.749;1692.852;1319.408;1.873;2.442;5.795;53.449;0.000;0.000;1.000;0.000;0.000;
21.03.2026 07:30:00;1402.961;1849.749;1700.476;1274.937;1.871;2.434;5.855;59.747;0.000;0.000;1.000;0.000;0.000;
21.03.2026 07:35:00;1403.036;1871.481;1719.247;1262.798;1.869;2.424;6.049;65.773;0.000;0.000;1.000;0.000;0.000;
21.03.2026 07:40:00;1402.768;1871.226;1722.465;1307.148;1.867;2.413;6.300;75.393;0.000;0.000;1.000;0.000;0.000;
21.03.2026 07:45:00;1402.843;1871.226;1646.447;1222.225;1.865;2.401;6.378;85.874;0.000;0.000;1.000;0.000;0.000;
21.03.2026 07:50:00;1402.830;1893.624;1676.955;1222.077;1.865;2.384;6.456;98.802;0.000;0.000;1.000;0.000;0.000;
21.03.2026 07:55:00;1403.024;1893.624;1689.797;1269.854;1.863;2.372;6.600;112.111;0.000;0.000;1.000;0.000;0.000;
21.03.2026 08:00:00;1403.110;1893.621;1803.947;1334.628;1.861;2.359;6.623;123.180;0.000;0.000;1.000;0.000;0.000;
21.03.2026 08:05:00;1403.349;1913.816;1784.632;1293.957;1.858;2.350;6.823;138.276;0.000;0.000;1.000;0.000;0.000;
21.03.2026 08:10:00;1403.014;1913.874;1782.875;1285.053;1.856;2.336;7.143;151.599;0.000;0.000;1.000;0.000;0.000;
21.03.2026 08:15:00;1402.791;1913.874;1716.521;1239.499;1.854;2.321;7.331;163.818;0.000;0.000;1.000;0.000;0.000;
21.03.2026 08:20:00;1402.782;1902.624;1650.431;1227.821;1.853;2.305;7.719;174.466;0.000;0.000;1.000;0.000;0.000;
21.03.2026 08:25:00;1402.925;1902.624;1661.338;1181.113;1.853;2.285;8.013;187.426;0.000;0.000;1.000;0.000;0.000;
21.03.2026 08:30:00;1402.825;1902.624;1617.599;1234.731;1.853;2.269;8.302;204.171;0.000;0.000;1.000;0.000;0.000;
21.03.2026 08:35:00;1402.929;1891.747;1588.631;1139.028;1.853;2.250;8.606;215.696;0.000;0.000;1.000;0.000;0.000;
21.03.2026 08:40:00;1402.909;1891.741;1618.351;1147.423;1.855;2.233;8.904;251.506;0.000;0.000;1.000;0.000;0.000;
21.03.2026 08:45:00;1402.940;1891.734;1645.833;1141.778;1.855;2.220;9.200;246.685;0.000;0.000;1.000;0.000;0.000;
21.03.2026 08:50:00;1302.967;1875.175;1457.257;930.666;1.857;2.203;9.527;385.402;0.000;0.000;1.000;0.000;0.000;
21.03.2026 08:55:00;1303.082;1874.973;1505.115;960.965;1.861;2.183;10.184;314.083;0.000;0.000;1.000;0.000;0.000;
21.03.2026 09:00:00;1302.989;1874.992;1563.485;946.728;1.864;2.168;10.712;311.719;0.000;0.000;1.000;0.000;0.000;
21.03.2026 09:05:00;1202.638;1778.126;1562.630;1075.083;1.867;2.156;11.225;300.295;0.000;0.000;1.000;0.000;0.000;
21.03.2026 09:10:00;1202.588;1778.124;1471.409;992.602;1.868;2.151;11.586;611.678;0.000;0.000;1.000;0.000;0.000;
21.03.2026 09:15:00;1202.855;1778.124;1463.677;1048.317;1.871;2.138;12.172;291.533;0.000;0.000;1.000;0.000;0.000;
21.03.2026 09:20:00;1102.501;1708.757;1534.754;1013.135;1.874;2.129;12.700;397.597;0.000;0.000;1.000;0.000;0.000;
21.03.2026 09:25:00;1102.499;1708.795;1507.218;896.952;1.878;2.115;13.022;387.925;0.000;0.000;1.000;0.000;0.000;
21.03.2026 09:30:00;1102.502;1708.751;1613.107;1011.637;1.881;2.106;13.248;311.854;0.000;0.000;1.000;0.000;0.000;
21.03.2026 09:35:00;1102.501;1638.999;1566.588;1042.346;1.882;2.099;13.299;310.767;0.000;0.000;1.000;0.000;0.000;
21.03.2026 09:40:00;1102.499;1638.999;1642.636;1157.811;1.883;2.092;13.138;290.928;0.000;0.000;1.000;0.000;0.000;
21.03.2026 09:45:00;1102.621;1638.993;1528.521;1060.095;1.884;2.081;13.059;330.608;0.000;0.000;1.000;0.000;0.000;
21.03.2026 09:50:00;1102.536;1588.945;1488.601;1053.501;1.885;2.068;12.989;348.216;0.000;0.000;1.000;0.000;0.000;
21.03.2026 09:55:00;1102.543;1588.582;1488.301;1047.448;1.887;2.051;13.004;348.221;0.000;0.000;1.000;0.000;0.000;
21.03.2026 10:00:00;1102.499;1588.978;1574.393;1013.943;1.891;2.031;13.031;332.516;0.000;0.000;1.000;0.000;0.000;
21.03.2026 10:05:00;902.272;1466.874;1566.113;1096.424;1.893;2.016;13.088;322.051;0.000;0.000;1.000;0.000;0.000;
21.03.2026 10:10:00;902.333;1466.738;1483.607;925.932;1.895;2.002;12.946;402.115;0.000;0.000;1.000;0.000;0.000;
21.03.2026 10:15:00;902.273;1466.874;1373.384;822.956;1.900;1.978;13.009;617.003;0.000;0.000;1.000;0.000;0.000;
21.03.2026 10:20:00;902.251;1398.999;1569.131;1093.947;1.905;1.959;13.475;421.099;0.000;0.000;1.000;0.000;0.000;
21.03.2026 10:25:00;902.249;1398.999;1577.998;1083.434;1.906;1.949;14.080;364.097;0.000;0.000;1.000;0.000;0.000;
21.03.2026 10:30:00;902.261;1398.999;1426.184;1000.796;1.907;1.940;14.274;556.417;0.000;0.000;1.000;0.000;0.000;
21.03.2026 10:35:00;902.150;1325.874;1370.732;1054.429;1.910;1.927;14.413;459.784;0.000;0.000;1.000;0.000;0.000;
21.03.2026 10:40:00;902.251;1325.874;1291.144;947.045;1.914;1.908;14.438;570.275;0.000;0.000;1.000;0.000;0.000;
21.03.2026 10:45:00;902.251;1325.874;1117.020;756.277;1.919;1.892;14.739;1070.049;0.000;0.000;1.000;0.000;0.000;
21.03.2026 10:50:00;902.252;1267.374;1274.363;920.671;1.925;1.877;15.627;503.603;0.000;0.000;1.000;0.000;0.000;
21.03.2026 10:55:00;902.351;1267.374;1480.703;1194.025;1.925;1.879;16.843;470.877;0.000;0.000;1.000;0.000;0.000;
21.03.2026 11:00:00;902.251;1267.374;1376.955;1132.082;1.924;1.885;17.097;444.202;0.000;0.000;1.000;0.000;0.000;
21.03.2026 11:05:00;902.249;1256.124;1590.313;1338.854;1.922;1.892;17.029;361.723;0.000;0.000;1.000;0.000;0.000;
21.03.2026 11:10:00;902.251;1256.124;1583.561;1225.177;1.918;1.903;16.792;364.795;0.000;0.000;1.000;0.000;0.000;
21.03.2026 11:15:00;902.251;1256.083;1182.612;1024.090;1.916;1.906;16.432;533.894;0.000;0.000;1.000;0.000;0.000;
21.03.2026 11:20:00;902.287;1237.722;1292.982;971.925;1.920;1.901;16.468;582.819;0.000;0.000;1.000;0.000;0.000;
21.03.2026 11:25:00;902.252;1237.749;1535.135;1228.576;1.918;1.914;16.812;396.955;0.000;0.000;1.000;0.000;0.000;
21.03.2026 11:30:00;902.220;1237.749;1473.574;1276.434;1.913;1.935;16.908;431.638;0.000;0.000;1.000;0.000;0.000;
21.03.2026 11:35:00;902.249;1224.376;1520.574;1276.333;1.909;1.949;16.675;521.025;0.000;0.000;1.000;0.000;0.000;
21.03.2026 11:40:00;902.258;1223.961;1527.749;1192.350;1.906;1.964;16.492;449.416;0.000;0.000;1.000;0.000;0.000;
21.03.2026 11:45:00;902.261;1223.861;1604.431;1325.269;1.901;1.986;16.498;397.285;0.000;0.000;1.000;0.000;0.000;
21.03.2026 11:50:00;753.249;1282.001;1683.209;1073.398;1.898;1.998;16.495;716.178;0.000;0.000;1.000;0.000;0.000;
21.03.2026 11:55:00;753.249;1282.226;1678.169;1210.581;1.896;2.009;16.507;328.728;0.000;0.000;1.000;0.000;0.000;
21.03.2026 12:00:00;753.249;1282.001;1654.502;1159.627;1.893;2.024;16.711;356.574;0.000;0.000;1.000;0.000;0.000;
21.03.2026 12:05:00;652.999;1190.053;1542.862;1040.466;1.892;2.036;16.685;484.007;0.000;0.000;1.000;0.000;0.000;
21.03.2026 12:10:00;652.999;1190.097;1323.932;917.167;1.893;2.042;16.706;716.231;0.000;0.000;1.000;0.000;0.000;
21.03.2026 12:15:00;652.999;1190.124;1250.836;768.141;1.897;2.044;16.989;563.571;0.000;0.000;1.000;0.000;0.000;
21.03.2026 12:20:00;652.999;1093.374;1119.030;823.657;1.901;2.051;17.197;639.885;0.000;0.000;1.000;0.000;0.000;
21.03.2026 12:25:00;652.999;1093.374;1309.309;741.226;1.907;2.056;17.781;587.939;0.000;0.000;1.000;0.000;0.000;
21.03.2026 12:30:00;652.999;1093.374;1209.620;857.883;1.911;2.074;18.200;761.080;0.000;0.000;1.000;0.000;0.000;
21.03.2026 12:35:00;652.998;1052.343;1315.613;940.815;1.913;2.097;18.701;564.384;0.000;0.000;1.000;0.000;0.000;
21.03.2026 12:40:00;652.999;1052.343;1372.692;1056.070;1.911;2.125;18.931;506.393;0.000;0.000;1.000;0.000;0.000;
21.03.2026 12:45:00;652.999;1052.115;1363.407;1021.341;1.911;2.150;18.997;729.038;0.000;0.000;1.000;0.000;0.000;
21.03.2026 12:50:00;652.999;1073.124;1077.010;807.930;1.912;2.168;18.996;1252.956;0.000;0.000;1.000;0.000;0.000;
21.03.2026 12:55:00;652.999;1073.118;1155.209;658.143;1.918;2.178;19.082;679.126;0.000;0.000;1.000;0.000;0.000;
21.03.2026 13:00:00;652.999;1073.121;1245.528;946.054;1.921;2.199;19.350;602.943;0.000;0.000;1.000;0.000;0.000;
21.03.2026 13:05:00;652.999;1166.501;1047.225;557.069;1.925;2.212;19.376;1072.038;0.000;0.000;1.000;0.000;0.000;
21.03.2026 13:10:00;652.999;1166.498;1391.975;915.829;1.932;2.223;19.091;449.879;0.000;0.000;1.000;0.000;0.000;
21.03.2026 13:15:00;652.999;1166.501;1094.789;609.261;1.934;2.239;18.744;1004.786;0.000;0.000;1.000;0.000;0.000;
21.03.2026 13:20:00;652.999;1201.374;1320.516;801.541;1.941;2.249;18.700;447.146;0.000;0.000;1.000;0.000;0.000;
21.03.2026 13:25:00;652.999;1201.374;1315.500;804.070;1.945;2.266;18.495;459.537;0.000;0.000;1.000;0.000;0.000;
21.03.2026 13:30:00;652.999;1201.360;1392.892;853.063;1.948;2.283;18.199;439.292;0.000;0.000;1.000;0.000;0.000;
21.03.2026 13:35:00;652.999;1164.624;1381.284;942.241;1.949;2.302;17.900;391.362;0.000;0.000;1.000;0.000;0.000;
21.03.2026 13:40:00;652.999;1164.579;1399.076;937.459;1.951;2.316;17.706;346.427;0.000;0.000;1.000;0.000;0.000;
21.03.2026 13:45:00;652.989;1164.624;1380.001;920.416;1.953;2.333;17.591;364.614;0.000;0.000;1.000;0.000;0.000;
21.03.2026 13:50:00;652.999;1173.626;1382.716;898.259;1.955;2.345;17.346;402.271;0.000;0.000;1.000;0.000;0.000;
21.03.2026 13:55:00;652.999;1173.626;1415.692;928.449;1.957;2.360;17.013;390.258;0.000;0.000;1.000;0.000;0.000;
21.03.2026 14:00:00;652.999;1173.626;1535.308;1075.140;1.958;2.374;16.601;362.075;0.000;0.000;1.000;0.000;0.000;
21.03.2026 14:05:00;652.999;1229.465;1516.031;939.753;1.959;2.388;16.438;331.374;0.000;0.000;1.000;0.000;0.000;
21.03.2026 14:10:00;652.999;1229.828;1455.092;974.621;1.961;2.398;16.419;315.135;0.000;0.000;1.000;0.000;0.000;
21.03.2026 14:15:00;652.999;1229.756;1453.073;938.639;1.962;2.410;16.418;297.702;0.000;0.000;1.000;0.000;0.000;
21.03.2026 14:20:00;652.999;1254.249;1446.434;852.584;1.964;2.420;16.452;295.391;0.000;0.000;1.000;0.000;0.000;
21.03.2026 14:25:00;652.999;1254.249;1546.438;1013.347;1.967;2.431;16.233;275.304;0.000;0.000;1.000;0.000;0.000;
21.03.2026 14:30:00;652.999;1254.249;1548.516;1003.298;1.967;2.447;16.021;271.787;0.000;0.000;1.000;0.000;0.000;
21.03.2026 14:35:00;652.999;1296.013;1413.266;828.112;1.969;2.458;15.915;273.674;0.000;0.000;1.000;0.000;0.000;
21.03.2026 14:40:00;652.999;1295.798;1372.585;761.527;1.975;2.463;16.000;300.949;0.000;0.000;1.000;0.000;0.000;
21.03.2026 14:45:00;652.998;1296.046;1369.364;809.073;1.980;2.475;16.079;303.976;0.000;0.000;1.000;0.000;0.000;
21.03.2026 14:50:00;652.999;1338.624;1368.863;714.277;1.985;2.485;16.180;323.037;0.000;0.000;1.000;0.000;0.000;
21.03.2026 14:55:00;652.999;1338.624;1374.743;729.618;1.990;2.500;16.065;268.755;0.000;0.000;1.000;0.000;0.000;
21.03.2026 15:00:00;652.999;1338.624;1441.016;841.930;1.994;2.517;16.004;237.412;0.000;0.000;1.000;0.000;0.000;
21.03.2026 15:05:00;652.988;1361.435;1500.518;810.214;1.998;2.535;15.914;209.729;0.000;0.000;1.000;0.000;0.000;
21.03.2026 15:10:00;652.961;1361.013;1494.026;835.836;2.001;2.552;15.658;215.572;0.000;0.000;1.000;0.000;0.000;
21.03.2026 15:15:00;652.999;1361.010;1580.097;894.847;2.003;2.573;15.399;217.673;0.000;0.000;1.000;0.000;0.000;
21.03.2026 15:20:00;652.999;1430.110;1499.466;776.381;2.006;2.593;15.300;209.485;0.000;0.000;1.000;0.000;0.000;
21.03.2026 15:25:00;652.999;1430.129;1670.156;906.062;2.009;2.608;15.296;191.473;0.000;0.000;1.000;0.000;0.000;
21.03.2026 15:30:00;652.910;1430.194;1603.927;801.419;2.012;2.623;15.096;174.443;0.000;0.000;1.000;0.000;0.000;
21.03.2026 15:35:00;652.999;1514.920;1696.444;858.849;2.016;2.637;14.889;148.852;0.000;0.000;1.000;0.000;0.000;
21.03.2026 15:40:00;652.999;1514.916;1656.232;790.940;2.019;2.651;14.938;145.977;0.000;0.000;1.000;0.000;0.000;
21.03.2026 15:45:00;652.996;1514.901;1591.022;762.437;2.022;2.664;14.801;174.373;0.000;0.000;1.000;0.000;0.000;
21.03.2026 15:50:00;652.999;1613.465;1697.470;785.702;2.028;2.671;14.781;194.338;0.000;0.000;1.000;0.000;0.000;
21.03.2026 15:55:00;652.999;1613.498;1530.263;595.685;2.034;2.679;14.795;216.800;0.000;0.000;1.000;0.000;0.000;
21.03.2026 16:00:00;652.999;1613.499;1534.103;586.593;2.042;2.685;14.790;247.339;0.000;0.000;1.000;0.000;0.000;
21.03.2026 16:05:00;853.249;1721.494;1596.176;711.124;2.048;2.693;14.990;253.831;0.000;0.000;1.000;0.000;0.000;
21.03.2026 16:10:00;853.249;1721.501;1520.851;713.342;2.054;2.698;14.998;189.517;0.000;0.000;1.000;0.000;0.000;
21.03.2026 16:15:00;853.249;1721.539;1609.845;751.388;2.060;2.703;15.001;205.765;0.000;0.000;1.000;0.000;0.000;
21.03.2026 16:20:00;902.251;1778.124;1671.818;820.909;2.065;2.706;15.060;195.712;0.000;0.000;1.000;0.000;0.000;
21.03.2026 16:25:00;902.375;1778.124;1705.258;925.948;2.070;2.706;15.100;148.363;0.000;0.000;1.000;0.000;0.000;
21.03.2026 16:30:00;902.294;1778.124;1742.734;879.207;2.074;2.704;15.173;116.861;0.000;0.000;1.000;0.000;0.000;
21.03.2026 16:35:00;902.249;1833.247;1812.757;910.686;2.078;2.696;15.033;99.365;0.000;0.000;1.000;0.000;0.000;
21.03.2026 16:40:00;902.259;1833.249;1791.506;897.631;2.082;2.691;14.913;100.187;0.000;0.000;1.000;0.000;0.000;
21.03.2026 16:45:00;902.355;1833.249;1876.801;964.674;2.085;2.687;14.669;94.681;0.000;0.000;1.000;0.000;0.000;
21.03.2026 16:50:00;902.396;1887.927;1877.648;921.735;2.088;2.681;14.439;99.305;0.000;0.000;1.000;0.000;0.000;
21.03.2026 16:55:00;902.286;1887.998;1795.904;881.628;2.092;2.673;14.194;89.956;0.000;0.000;1.000;0.000;0.000;
21.03.2026 17:00:00;902.313;1887.996;1804.665;971.415;2.096;2.664;13.901;67.639;0.000;0.000;1.000;0.000;0.000;
21.03.2026 17:05:00;1002.250;1943.823;1870.239;978.993;2.100;2.656;13.928;49.916;0.000;0.000;1.000;0.000;0.000;
21.03.2026 17:10:00;1002.273;1943.926;1920.272;1023.988;2.102;2.653;13.828;37.800;0.000;0.000;1.000;0.000;0.000;
21.03.2026 17:15:00;1002.410;1943.495;1956.311;1038.898;2.103;2.649;13.624;35.183;0.000;0.000;1.000;0.000;0.000;
21.03.2026 17:20:00;1102.563;1972.362;2004.862;1215.700;2.103;2.649;13.460;33.972;0.000;0.000;1.000;0.000;0.000;
21.03.2026 17:25:00;1102.502;1972.374;1921.747;1088.226;2.102;2.646;13.354;27.445;0.000;0.000;1.000;0.000;0.000;
21.03.2026 17:30:00;1102.502;1972.374;1915.262;1150.958;2.102;2.642;13.279;18.674;0.000;0.000;1.000;0.000;0.000;
21.03.2026 17:35:00;1302.948;2007.251;2007.086;1388.480;2.100;2.642;13.084;13.689;0.000;0.000;1.000;0.000;0.000;
21.03.2026 17:40:00;1302.845;2007.249;2025.997;1387.916;2.096;2.645;13.000;10.909;0.000;0.000;1.000;0.000;0.000;
21.03.2026 17:45:00;1302.986;2007.251;2129.176;1435.955;2.091;2.646;12.972;7.398;0.000;0.000;1.000;0.000;0.000;
21.03.2026 17:50:00;1403.217;2043.624;2165.807;1591.103;2.083;2.650;12.798;6.556;0.000;0.000;1.000;0.000;0.000;
21.03.2026 17:55:00;1402.990;2043.525;2138.080;1559.124;2.076;2.649;12.475;7.364;0.000;0.000;1.000;0.000;0.000;
21.03.2026 18:00:00;1402.981;2043.624;2184.026;1567.410;2.069;2.644;12.185;7.595;0.000;0.000;1.000;0.000;0.000;
21.03.2026 18:05:00;1402.978;2032.665;2102.879;1554.973;2.062;2.638;11.944;10.086;0.000;0.000;1.000;0.000;0.000;
21.03.2026 18:10:00;1403.072;2032.463;2100.064;1555.160;2.055;2.626;11.943;10.932;0.000;0.000;1.000;0.000;0.000;
21.03.2026 18:15:00;1402.899;2032.693;2180.431;1588.520;2.049;2.613;11.884;9.787;0.000;0.000;1.000;0.000;0.000;
21.03.2026 18:20:00;1402.787;2052.998;2107.859;1476.948;2.042;2.603;11.637;7.132;0.000;0.000;1.000;0.000;0.000;
21.03.2026 18:25:00;1402.883;2052.998;2103.595;1398.051;2.037;2.588;11.510;5.985;0.000;0.000;1.000;0.000;0.000;
21.03.2026 18:30:00;1402.965;2052.998;2075.991;1545.027;2.033;2.573;11.518;4.381;0.000;0.000;1.000;0.000;0.000;
21.03.2026 18:35:00;1402.860;2118.876;2201.215;1490.779;2.028;2.563;11.508;2.811;0.000;0.000;1.000;0.000;0.000;
21.03.2026 18:40:00;1403.157;2118.998;2164.067;1465.495;2.023;2.557;11.300;1.834;0.000;0.000;1.000;0.000;0.000;
21.03.2026 18:45:00;1402.934;2118.998;2162.794;1544.634;2.016;2.554;11.206;1.688;0.000;0.000;1.000;0.000;0.000;
21.03.2026 18:50:00;1402.950;2164.748;2176.700;1427.164;2.010;2.549;10.997;1.650;0.000;0.000;1.000;0.000;0.000;
21.03.2026 18:55:00;1403.263;2164.748;2229.989;1485.059;2.005;2.548;10.814;1.013;0.000;0.000;1.000;0.000;0.000;
21.03.2026 19:00:00;1402.868;2164.748;2246.094;1520.689;1.998;2.547;10.797;0.416;0.000;0.000;1.000;0.000;0.000;
21.03.2026 19:05:00;1402.998;2186.502;2181.356;1475.001;1.992;2.549;10.731;0.450;0.000;0.000;1.000;0.000;0.000;
21.03.2026 19:10:00;1402.932;2186.498;2269.991;1484.510;1.985;2.550;10.650;0.450;0.000;0.000;1.000;0.000;0.000;
21.03.2026 19:15:00;1402.987;2186.498;2289.305;1562.748;1.978;2.552;10.491;0.450;0.000;0.000;1.000;0.000;0.000;
21.03.2026 19:20:00;1402.988;2181.252;2186.884;1490.988;1.971;2.553;10.451;0.466;0.000;0.000;1.000;0.000;0.000;
21.03.2026 19:25:00;1402.887;2181.252;2219.917;1436.541;1.965;2.546;10.397;0.450;0.000;0.000;1.000;0.000;0.000;
21.03.2026 19:30:00;1402.830;2181.252;2165.279;1452.816;1.961;2.537;10.221;0.450;0.000;0.000;1.000;0.000;0.000;
21.03.2026 19:35:00;1402.969;2153.498;2077.239;1436.485;1.956;2.534;10.175;0.450;0.000;0.000;1.000;0.000;0.000;
21.03.2026 19:40:00;1402.887;2153.498;2079.529;1425.553;1.952;2.526;10.117;0.450;0.000;0.000;1.000;0.000;0.000;
21.03.2026 19:45:00;1403.033;2153.498;2028.871;1325.990;1.948;2.520;10.126;0.450;0.000;0.000;1.000;0.000;0.000;
21.03.2026 19:50:00;1403.093;2118.998;2077.788;1454.044;1.945;2.514;10.170;0.451;0.000;0.000;1.000;0.000;0.000;
21.03.2026 19:55:00;1402.901;2118.998;2039.510;1403.172;1.940;2.510;10.120;0.450;0.000;0.000;1.000;0.000;0.000;
21.03.2026 20:00:00;1403.198;2118.998;2069.018;1420.901;1.936;2.506;10.107;0.450;0.000;0.000;1.000;0.000;0.000;
21.03.2026 20:05:00;1403.052;2142.168;1983.068;1262.964;1.932;2.501;10.124;0.450;0.000;0.000;1.000;0.000;0.000;
21.03.2026 20:10:00;1403.043;2142.559;2007.968;1345.622;1.930;2.493;10.147;0.450;0.000;0.000;1.000;0.000;0.000;
21.03.2026 20:15:00;1402.965;2142.608;2003.209;1373.748;1.927;2.491;10.124;0.452;0.000;0.000;1.000;0.000;0.000;
21.03.2026 20:20:00;1402.801;2082.248;2171.811;1517.906;1.922;2.492;10.008;0.480;0.000;0.000;1.000;0.000;0.000;
21.03.2026 20:25:00;1402.788;2082.339;2109.284;1448.389;1.915;2.499;9.900;0.466;0.000;0.000;1.000;0.000;0.000;
21.03.2026 20:30:00;1402.834;2082.258;2114.702;1441.144;1.908;2.500;10.003;0.450;0.000;0.000;1.000;0.000;0.000;
21.03.2026 20:35:00;1402.777;2043.624;2045.198;1462.239;1.901;2.500;10.056;0.455;0.000;0.000;1.000;0.000;0.000;
21.03.2026 20:40:00;1402.952;2043.624;1948.679;1419.529;1.897;2.496;10.098;0.450;0.000;0.000;1.000;0.000;0.000;
21.03.2026 20:45:00;1402.999;2043.624;1856.346;1288.026;1.894;2.485;10.142;0.450;0.000;0.000;1.000;0.000;0.000;
21.03.2026 20:50:00;1403.118;2001.632;1892.276;1356.470;1.891;2.474;10.045;0.450;0.000;0.000;1.000;0.000;0.000;
21.03.2026 20:55:00;1402.905;2001.692;1941.907;1344.378;1.889;2.465;9.875;0.450;0.000;0.000;1.000;0.000;0.000;
21.03.2026 21:00:00;1402.990;2001.679;1842.823;1334.132;1.886;2.458;9.900;0.450;0.000;0.000;1.000;0.000;0.000;
21.03.2026 21:05:00;1303.066;2122.373;2068.968;1214.971;1.886;2.448;9.924;0.450;0.000;0.000;1.000;0.000;0.000;
21.03.2026 21:10:00;1302.897;2122.373;2031.381;1305.730;1.883;2.443;9.932;0.450;0.000;0.000;1.000;0.000;0.000;
21.03.2026 21:15:00;1303.144;2122.373;2137.006;1333.439;1.881;2.439;9.870;0.450;0.000;0.000;1.000;0.000;0.000;
21.03.2026 21:20:00;1202.876;2171.873;2061.058;1161.193;1.879;2.437;9.800;0.450;0.000;0.000;1.000;0.000;0.000;
21.03.2026 21:25:00;1202.832;2171.570;2053.815;1147.711;1.879;2.430;9.796;0.466;0.000;0.000;1.000;0.000;0.000;
21.03.2026 21:30:00;1202.974;2171.873;2016.013;1096.561;1.880;2.425;9.623;0.449;0.000;0.000;1.000;0.000;0.000;
21.03.2026 21:35:00;1102.536;2076.623;1939.745;1044.840;1.881;2.420;9.600;0.450;0.000;0.000;1.000;0.000;0.000;
21.03.2026 21:40:00;1102.501;2076.623;1932.608;977.124;1.883;2.415;9.553;0.450;0.000;0.000;1.000;0.000;0.000;
21.03.2026 21:45:00;1102.501;2076.455;1933.514;1007.278;1.886;2.409;9.489;0.501;0.000;0.000;1.000;0.000;0.000;
21.03.2026 21:50:00;1002.251;1959.191;1886.338;963.780;1.888;2.409;9.347;0.454;0.000;0.000;1.000;0.000;0.000;
21.03.2026 21:55:00;1002.263;1959.293;1882.252;929.042;1.891;2.405;9.480;0.450;0.000;0.000;1.000;0.000;0.000;
21.03.2026 22:00:00;1002.341;1959.000;1822.836;934.778;1.894;2.403;9.463;0.442;0.000;0.000;1.000;0.000;0.000;
21.03.2026 22:05:00;902.277;1875.836;1845.861;861.969;1.898;2.403;9.460;0.450;0.000;0.000;1.000;0.000;0.000;
21.03.2026 22:10:00;902.401;1876.242;1783.779;853.941;1.901;2.406;9.485;0.450;0.000;0.000;1.000;0.000;0.000;
21.03.2026 22:15:00;902.317;1876.299;1756.452;866.620;1.906;2.409;9.305;0.450;0.000;0.000;1.000;0.000;0.000;
21.03.2026 22:20:00;902.431;1853.044;1773.439;865.562;1.911;2.412;9.283;0.444;0.000;0.000;1.000;0.000;0.000;
21.03.2026 22:25:00;902.354;1853.124;1786.312;874.956;1.916;2.419;9.266;0.413;0.000;0.000;1.000;0.000;0.000;
21.03.2026 22:30:00;902.251;1853.119;1692.310;793.641;1.920;2.426;9.268;0.450;0.000;0.000;1.000;0.000;0.000;
21.03.2026 22:35:00;902.387;1935.640;1916.522;774.432;1.926;2.429;9.225;0.450;0.000;0.000;1.000;0.000;0.000;
21.03.2026 22:40:00;902.289;1935.638;1871.907;935.274;1.929;2.440;9.216;0.450;0.000;0.000;1.000;0.000;0.000;
21.03.2026 22:45:00;902.339;1935.626;1948.973;944.388;1.932;2.452;9.293;0.450;0.000;0.000;1.000;0.000;0.000;
21.03.2026 22:50:00;902.427;1968.571;1873.391;869.908;1.935;2.460;9.350;0.450;0.000;0.000;1.000;0.000;0.000;
21.03.2026 22:55:00;902.401;1968.576;1812.930;847.068;1.939;2.464;9.534;0.450;0.000;0.000;1.000;0.000;0.000;
21.03.2026 23:00:00;902.327;1968.601;1809.528;785.009;1.944;2.467;9.571;0.433;0.000;0.000;1.000;0.000;0.000;
21.03.2026 23:05:00;902.390;1985.124;1992.342;805.275;1.950;2.469;9.598;0.450;0.000;0.000;1.000;0.000;0.000;
21.03.2026 23:10:00;902.326;1985.124;1913.035;894.235;1.953;2.474;9.564;0.450;0.000;0.000;1.000;0.000;0.000;
21.03.2026 23:15:00;902.314;1985.124;1875.118;779.885;1.957;2.478;9.588;0.450;0.000;0.000;1.000;0.000;0.000;
21.03.2026 23:20:00;902.566;1933.749;1832.780;842.169;1.961;2.479;9.569;0.450;0.000;0.000;1.000;0.000;0.000;
21.03.2026 23:25:00;902.417;1933.934;1818.539;870.837;1.966;2.481;9.586;0.450;0.000;0.000;1.000;0.000;0.000;
21.03.2026 23:30:00;902.503;1934.018;1799.316;839.269;1.971;2.481;9.394;0.450;0.000;0.000;1.000;0.000;0.000;
21.03.2026 23:35:00;902.271;1844.124;1722.928;837.932;1.974;2.487;9.307;0.450;0.000;0.000;1.000;0.000;0.000;
21.03.2026 23:40:00;902.335;1844.124;1612.254;731.082;1.979;2.488;9.422;0.453;0.000;0.000;1.000;0.000;0.000;
21.03.2026 23:45:00;902.323;1844.052;1597.183;724.207;1.986;2.500;9.500;0.450;0.000;0.000;1.000;0.000;0.000;
21.03.2026 23:50:00;902.456;1789.376;1635.997;747.091;1.993;2.506;9.476;0.451;0.000;0.000;1.000;0.000;0.000;
21.03.2026 23:55:00;902.359;1789.395;1742.018;901.078;1.997;2.508;9.530;0.455;0.000;0.000;1.000;0.000;0.000;
22.03.2026 00:00:00;902.540;1789.376;1757.316;952.876;2.000;2.511;9.536;0.434;0.000;0.000;1.000;0.000;0.000;
22.03.2026 00:05:00;902.380;1889.873;1664.134;670.984;2.005;2.509;9.493;0.450;0.000;0.000;1.000;0.000;0.000;
22.03.2026 00:10:00;902.492;1889.869;1682.022;780.682;2.012;2.501;9.499;0.450;0.000;0.000;1.000;0.000;0.000;
22.03.2026 00:15:00;902.472;1889.874;1721.013;810.699;2.018;2.501;9.499;0.450;0.000;0.000;1.000;0.000;0.000;
22.03.2026 00:20:00;902.455;1995.999;1948.927;678.347;2.025;2.498;9.492;0.450;0.000;0.000;1.000;0.000;0.000;
22.03.2026 00:25:00;902.480;1995.999;2054.007;987.701;2.029;2.507;9.501;0.450;0.000;0.000;1.000;0.000;0.000;
22.03.2026 00:30:00;902.412;1995.999;1982.731;911.288;2.030;2.516;9.507;0.450;0.000;0.000;1.000;0.000;0.000;
22.03.2026 00:35:00;902.361;2020.421;2037.113;966.539;2.032;2.525;9.481;0.450;0.000;0.000;1.000;0.000;0.000;
22.03.2026 00:40:00;902.398;2020.172;1938.931;875.824;2.035;2.534;9.474;0.453;0.000;0.000;1.000;0.000;0.000;
22.03.2026 00:45:00;902.425;2020.212;1947.640;891.638;2.038;2.540;9.402;0.450;0.000;0.000;1.000;0.000;0.000;
22.03.2026 00:50:00;902.391;1950.891;1905.620;877.320;2.041;2.546;9.494;0.450;0.000;0.000;1.000;0.000;0.000;
22.03.2026 00:55:00;902.339;1950.461;1857.258;855.714;2.044;2.550;9.498;0.465;0.000;0.000;1.000;0.000;0.000;
22.03.2026 01:00:00;902.488;1950.256;1731.342;723.614;2.049;2.548;9.478;0.450;0.000;0.000;1.000;0.000;0.000;
22.03.2026 01:05:00;902.314;1796.942;1697.552;870.058;2.054;2.547;9.316;0.450;0.000;0.000;1.000;0.000;0.000;
22.03.2026 01:10:00;902.280;1796.752;1594.821;790.227;2.059;2.548;9.325;0.450;0.000;0.000;1.000;0.000;0.000;
22.03.2026 01:15:00;902.519;1797.217;1596.383;706.620;2.065;2.548;9.492;0.450;0.000;0.000;1.000;0.000;0.000;
22.03.2026 01:20:00;902.473;1673.874;1601.101;934.084;2.069;2.551;9.477;0.450;0.000;0.000;1.000;0.000;0.000;
22.03.2026 01:25:00;902.328;1673.874;1633.388;872.821;2.072;2.559;9.362;0.450;0.000;0.000;1.000;0.000;0.000;
22.03.2026 01:30:00;902.322;1673.864;1429.863;680.219;2.076;2.561;9.473;0.450;0.000;0.000;1.000;0.000;0.000;
22.03.2026 01:35:00;902.389;1816.579;1656.164;571.046;2.084;2.556;9.381;0.450;0.000;0.000;1.000;0.000;0.000;
22.03.2026 01:40:00;902.353;1816.663;1945.785;1050.124;2.088;2.565;9.339;0.442;0.000;0.000;1.000;0.000;0.000;
22.03.2026 01:45:00;902.428;1816.612;1941.746;1067.860;2.088;2.579;9.319;0.450;0.000;0.000;1.000;0.000;0.000;
22.03.2026 01:50:00;902.611;2073.248;1940.718;809.325;2.090;2.586;9.396;0.451;0.000;0.000;1.000;0.000;0.000;
22.03.2026 01:55:00;902.472;2073.248;1783.926;685.234;2.096;2.586;9.472;0.450;0.000;0.000;1.000;0.000;0.000;
22.03.2026 02:00:00;902.500;2073.248;1830.425;752.349;2.103;2.584;9.416;0.450;0.000;0.000;1.000;0.000;0.000;
22.03.2026 02:05:00;902.486;2001.624;1879.272;769.602;2.109;2.584;9.321;0.450;0.000;0.000;1.000;0.000;0.000;
22.03.2026 02:10:00;902.688;2001.626;1864.476;844.090;2.113;2.587;9.376;0.451;0.000;0.000;1.000;0.000;0.000;
22.03.2026 02:15:00;902.312;2001.626;1762.992;719.917;2.119;2.589;9.307;0.450;0.000;0.000;1.000;0.000;0.000;
22.03.2026 02:20:00;902.354;1816.711;1684.912;820.224;2.125;2.595;9.300;0.450;0.000;0.000;1.000;0.000;0.000;
22.03.2026 02:25:00;902.360;1816.742;1678.077;827.379;2.129;2.600;9.340;0.450;0.000;0.000;1.000;0.000;0.000;
22.03.2026 02:30:00;902.398;1816.739;1552.193;679.166;2.134;2.603;9.430;0.450;0.000;0.000;1.000;0.000;0.000;
22.03.2026 02:35:00;902.300;1662.818;1525.877;875.959;2.139;2.606;9.393;0.450;0.000;0.000;1.000;0.000;0.000;
22.03.2026 02:40:00;902.365;1662.577;1474.099;766.257;2.144;2.612;9.412;0.450;0.000;0.000;1.000;0.000;0.000;
22.03.2026 02:45:00;902.331;1662.488;1476.553;752.752;2.149;2.616;9.368;0.452;0.000;0.000;1.000;0.000;0.000;
22.03.2026 02:50:00;902.260;1585.893;1449.532;851.974;2.154;2.620;9.324;0.450;0.000;0.000;1.000;0.000;0.000;
22.03.2026 02:55:00;902.295;1585.881;1372.053;759.362;2.158;2.625;9.300;0.450;0.000;0.000;1.000;0.000;0.000;
22.03.2026 03:00:00;902.361;1585.779;1305.112;698.008;2.165;2.625;9.217;0.450;0.000;0.000;1.000;0.000;0.000;
22.03.2026 03:05:00;902.309;1613.499;1329.032;677.058;2.172;2.625;9.201;0.448;0.000;0.000;1.000;0.000;0.000;
22.03.2026 03:10:00;902.465;1613.499;1349.266;674.230;2.179;2.624;9.296;0.450;0.000;0.000;1.000;0.000;0.000;
22.03.2026 03:15:00;902.494;1613.499;1302.802;653.704;2.186;2.628;9.318;0.450;0.000;0.000;1.000;0.000;0.000;
22.03.2026 03:20:00;902.169;1604.121;1321.755;674.147;2.193;2.632;9.297;0.450;0.000;0.000;1.000;0.000;0.000;
22.03.2026 03:25:00;902.376;1604.119;1392.736;759.765;2.199;2.636;9.161;0.450;0.000;0.000;1.000;0.000;0.000;
22.03.2026 03:30:00;902.385;1604.104;1369.814;743.269;2.203;2.644;9.181;0.450;0.000;0.000;1.000;0.000;0.000;
22.03.2026 03:35:00;902.471;1876.746;1778.753;633.800;2.211;2.647;9.206;0.450;0.000;0.000;1.000;0.000;0.000;
22.03.2026 03:40:00;902.448;1876.635;2075.341;1104.171;2.212;2.663;9.185;0.450;0.000;0.000;1.000;0.000;0.000;
22.03.2026 03:45:00;902.572;1875.997;2073.096;1138.992;2.208;2.685;9.020;0.450;0.000;0.000;1.000;0.000;0.000;
22.03.2026 03:50:00;902.729;2192.123;2011.826;769.782;2.209;2.692;9.055;0.450;0.000;0.000;1.000;0.000;0.000;
22.03.2026 03:55:00;902.872;2192.127;1996.147;760.214;2.213;2.690;9.005;0.450;0.000;0.000;1.000;0.000;0.000;
22.03.2026 04:00:00;902.523;2192.123;1964.945;735.583;2.218;2.683;8.917;0.450;0.000;0.000;1.000;0.000;0.000;
22.03.2026 04:05:00;902.345;2076.623;1889.202;815.291;2.221;2.680;8.654;0.449;0.000;0.000;1.000;0.000;0.000;
22.03.2026 04:10:00;902.427;2076.623;1857.371;728.521;2.224;2.677;8.486;0.450;0.000;0.000;1.000;0.000;0.000;
22.03.2026 04:15:00;902.487;2076.623;1747.996;657.560;2.228;2.672;8.400;0.450;0.000;0.000;1.000;0.000;0.000;
22.03.2026 04:20:00;902.357;1946.177;1665.600;696.509;2.231;2.669;8.400;0.468;0.000;0.000;1.000;0.000;0.000;
22.03.2026 04:25:00;902.471;1945.475;1654.223;624.041;2.234;2.668;8.404;0.450;0.000;0.000;1.000;0.000;0.000;
22.03.2026 04:30:00;902.297;1945.530;1564.021;567.470;2.238;2.668;8.503;0.450;0.000;0.000;1.000;0.000;0.000;
22.03.2026 04:35:00;902.383;1829.499;1534.048;662.368;2.239;2.672;8.429;0.450;0.000;0.000;1.000;0.000;0.000;
22.03.2026 04:40:00;902.357;1829.499;1567.463;670.235;2.240;2.678;8.530;0.447;0.000;0.000;1.000;0.000;0.000;
22.03.2026 04:45:00;902.584;1829.499;1569.124;673.331;2.241;2.684;8.582;0.450;0.000;0.000;1.000;0.000;0.000;
22.03.2026 04:50:00;902.663;1736.120;1501.712;729.549;2.240;2.696;8.509;0.450;0.000;0.000;1.000;0.000;0.000;
22.03.2026 04:55:00;902.467;1735.894;1560.499;771.789;2.240;2.704;8.377;0.450;0.000;0.000;1.000;0.000;0.000;
22.03.2026 05:00:00;902.341;1735.624;1438.606;650.989;2.240;2.712;8.311;0.450;0.000;0.000;1.000;0.000;0.000;
22.03.2026 05:05:00;902.298;1616.874;1497.818;855.855;2.239;2.720;8.390;0.450;0.000;0.000;1.000;0.000;0.000;
22.03.2026 05:10:00;902.286;1616.874;1549.411;890.275;2.236;2.730;8.276;0.450;0.000;0.000;1.000;0.000;0.000;
22.03.2026 05:15:00;902.410;1616.874;1533.657;884.623;2.234;2.740;8.355;0.525;0.000;0.000;1.000;0.000;0.000;
22.03.2026 05:20:00;902.315;1582.235;1529.219;904.953;2.233;2.746;8.686;0.450;0.000;0.000;1.000;0.000;0.000;
22.03.2026 05:25:00;902.392;1582.387;1488.508;855.480;2.232;2.749;8.899;0.434;0.000;0.000;1.000;0.000;0.000;
22.03.2026 05:30:00;902.289;1582.427;1497.298;883.677;2.232;2.747;9.141;0.449;0.000;0.000;1.000;0.000;0.000;
22.03.2026 05:35:00;1002.269;1611.622;1525.657;1011.342;2.231;2.745;9.500;0.450;0.000;0.000;1.000;0.000;0.000;
22.03.2026 05:40:00;1002.287;1611.624;1494.332;956.948;2.229;2.745;9.829;0.450;0.000;0.000;1.000;0.000;0.000;
22.03.2026 05:45:00;1002.251;1611.624;1452.916;897.960;2.229;2.743;10.082;0.450;0.000;0.000;1.000;0.000;0.000;
22.03.2026 05:50:00;1202.560;1639.001;1443.811;1050.615;2.227;2.742;10.206;0.441;0.000;0.000;1.000;0.000;0.000;
22.03.2026 05:55:00;1202.578;1638.885;1427.071;1031.480;2.225;2.739;10.342;0.450;0.000;0.000;1.000;0.000;0.000;
22.03.2026 06:00:00;1202.575;1639.001;1479.758;1096.533;2.224;2.737;10.449;0.450;0.000;0.000;1.000;0.000;0.000;
22.03.2026 06:05:00;1302.834;1679.124;1511.402;1179.861;2.222;2.734;10.535;0.450;0.000;0.000;1.000;0.000;0.000;
22.03.2026 06:10:00;1302.857;1679.124;1542.519;1245.372;2.219;2.728;10.541;0.453;0.000;0.000;1.000;0.000;0.000;
22.03.2026 06:15:00;1302.785;1679.124;1438.888;1148.529;2.217;2.715;10.182;1.059;0.000;0.000;1.000;0.000;0.000;
22.03.2026 06:20:00;1402.907;1706.810;1472.894;1207.849;2.216;2.697;9.807;1.910;0.000;0.000;1.000;0.000;0.000;
22.03.2026 06:25:00;1402.791;1706.876;1459.735;1211.250;2.216;2.678;9.570;3.262;0.000;0.000;1.000;0.000;0.000;
22.03.2026 06:30:00;1402.907;1706.900;1513.741;1237.189;2.215;2.656;9.300;4.838;0.000;0.000;1.000;0.000;0.000;
22.03.2026 06:35:00;1402.801;1733.919;1496.131;1235.284;2.214;2.632;9.089;7.453;0.000;0.000;1.000;0.000;0.000;
22.03.2026 06:40:00;1402.797;1733.998;1652.794;1374.313;2.213;2.608;9.005;10.988;0.000;0.000;1.000;0.000;0.000;
22.03.2026 06:45:00;1402.843;1734.025;1607.513;1363.347;2.210;2.586;8.975;14.845;0.000;0.000;1.000;0.000;0.000;
22.03.2026 06:50:00;1402.970;1769.124;1609.539;1337.286;2.208;2.561;8.893;20.460;0.000;0.000;1.000;0.000;0.000;
22.03.2026 06:55:00;1402.798;1769.118;1646.442;1336.950;2.207;2.535;8.721;27.442;0.000;0.000;1.000;0.000;0.000;
22.03.2026 07:00:00;1402.809;1769.124;1550.722;1240.332;2.206;2.512;8.697;35.498;0.000;0.000;1.000;0.000;0.000;
22.03.2026 07:05:00;1402.872;1756.374;1558.891;1249.862;2.205;2.493;8.689;44.460;0.000;0.000;1.000;0.000;0.000;
22.03.2026 07:10:00;1402.866;1756.374;1469.953;1176.232;2.205;2.472;8.680;53.406;0.000;0.000;1.000;0.000;0.000;
22.03.2026 07:15:00;1402.858;1756.374;1431.635;1097.667;2.206;2.453;8.664;63.754;0.000;0.000;1.000;0.000;0.000;
22.03.2026 07:20:00;1402.779;1732.367;1404.989;1144.883;2.207;2.435;8.703;74.515;0.000;0.000;1.000;0.000;0.000;
22.03.2026 07:25:00;1402.984;1732.273;1450.918;1188.839;2.208;2.422;8.863;84.933;0.000;0.000;1.000;0.000;0.000;
22.03.2026 07:30:00;1403.029;1732.372;1421.034;1187.327;2.207;2.413;8.900;95.625;0.000;0.000;1.000;0.000;0.000;
22.03.2026 07:35:00;1402.985;1733.683;1432.084;1143.462;2.207;2.403;8.979;103.598;0.000;0.000;1.000;0.000;0.000;
22.03.2026 07:40:00;1403.029;1733.945;1473.484;1178.653;2.207;2.394;9.042;111.368;0.000;0.000;1.000;0.000;0.000;
22.03.2026 07:45:00;1402.960;1733.919;1472.796;1161.873;2.206;2.386;8.909;119.186;0.000;0.000;1.000;0.000;0.000;
22.03.2026 07:50:00;1402.868;1761.624;1398.893;1102.501;2.206;2.377;8.971;125.692;0.000;0.000;1.000;0.000;0.000;
22.03.2026 07:55:00;1402.969;1761.624;1430.626;1144.640;2.206;2.366;9.034;132.591;0.000;0.000;1.000;0.000;0.000;
22.03.2026 08:00:00;1403.029;1761.624;1428.511;1149.235;2.207;2.353;9.289;137.531;0.000;0.000;1.000;0.000;0.000;
22.03.2026 08:05:00;1402.815;1835.124;1445.285;1009.986;2.208;2.340;9.315;144.044;0.000;0.000;1.000;0.000;0.000;
22.03.2026 08:10:00;1402.862;1835.124;1360.479;981.755;2.210;2.322;9.501;150.901;0.000;0.000;1.000;0.000;0.000;
22.03.2026 08:15:00;1403.011;1835.094;1366.978;993.453;2.212;2.306;9.706;159.637;0.000;0.000;1.000;0.000;0.000;
22.03.2026 08:20:00;1403.021;1851.618;1351.996;1002.401;2.215;2.288;9.917;375.021;0.000;0.000;1.000;0.000;0.000;
22.03.2026 08:25:00;1402.968;1851.624;1364.001;990.150;2.217;2.272;10.500;499.047;0.000;0.000;1.000;0.000;0.000;
22.03.2026 08:30:00;1402.956;1851.572;1333.986;865.347;2.219;2.260;11.624;503.459;0.000;0.000;1.000;0.000;0.000;
22.03.2026 08:35:00;1402.984;1836.624;1257.338;840.463;2.221;2.244;12.962;546.561;0.000;0.000;1.000;0.000;0.000;
22.03.2026 08:40:00;1402.736;1836.621;1255.392;936.742;2.224;2.228;14.066;562.616;0.000;0.000;1.000;0.000;0.000;
22.03.2026 08:45:00;1402.820;1836.624;1240.051;882.647;2.226;2.214;15.137;597.712;0.000;0.000;1.000;0.000;0.000;
22.03.2026 08:50:00;1303.111;1812.999;1119.159;665.395;2.229;2.199;15.683;614.431;0.000;0.000;1.000;0.000;0.000;
22.03.2026 08:55:00;1303.057;1812.999;1222.269;710.594;2.234;2.180;16.149;628.406;0.000;0.000;1.000;0.000;0.000;
22.03.2026 09:00:00;1302.967;1812.979;1235.924;773.060;2.235;2.167;16.703;637.939;0.000;0.000;1.000;0.000;0.000;
22.03.2026 09:05:00;1202.724;1733.698;1125.983;635.575;2.238;2.154;17.119;643.739;0.000;0.000;1.000;0.000;0.000;
22.03.2026 09:10:00;1202.653;1733.857;1067.685;573.406;2.241;2.140;17.487;641.543;0.000;0.000;1.000;0.000;0.000;
22.03.2026 09:15:00;1202.644;1733.907;1106.704;614.500;2.245;2.127;17.599;642.796;0.000;0.000;1.000;0.000;0.000;
22.03.2026 09:20:00;1102.575;1677.612;1146.272;640.612;2.247;2.114;17.747;671.738;0.000;0.000;1.000;0.000;0.000;
22.03.2026 09:25:00;1102.517;1677.624;1096.778;572.155;2.248;2.107;18.431;716.401;0.000;0.000;1.000;0.000;0.000;
22.03.2026 09:30:00;1102.496;1677.624;1063.630;527.916;2.250;2.089;17.985;716.381;0.000;0.000;0.000;1.000;0.000;
22.03.2026 09:35:00;1102.557;1616.868;1015.764;660.285;2.251;2.087;17.726;768.195;0.000;0.000;0.000;1.000;0.000;
22.03.2026 09:40:00;1102.499;1616.874;966.729;744.847;2.249;2.078;17.646;889.837;0.000;0.000;0.000;1.000;0.000;
22.03.2026 09:45:00;1102.501;1616.874;1016.336;821.692;2.247;2.076;17.302;991.743;0.000;0.000;0.000;1.000;0.000;
22.03.2026 09:50:00;1102.501;1560.249;986.946;890.762;2.244;2.072;16.521;1012.602;0.000;0.000;0.000;0.000;1.000;
22.03.2026 09:55:00;1102.501;1560.249;949.925;959.851;2.241;2.069;16.230;1007.314;0.000;0.000;0.000;0.000;1.000;
22.03.2026 10:00:00;1102.475;1560.249;995.953;1017.560;2.237;2.061;16.213;977.770;0.000;0.000;0.000;0.000;1.000;
22.03.2026 10:05:00;902.251;1415.313;983.415;1063.227;2.233;2.053;15.985;924.130;0.000;0.000;0.000;0.000;1.000;
22.03.2026 10:10:00;902.379;1415.501;981.371;1107.802;2.230;2.043;15.924;868.654;0.000;0.000;0.000;0.000;1.000;
22.03.2026 10:15:00;902.304;1415.501;920.033;1149.909;2.227;2.028;15.693;799.477;0.000;0.000;0.000;0.000;1.000;
22.03.2026 10:20:00;902.267;1346.126;840.387;1186.842;2.224;2.016;15.577;760.977;0.000;0.000;0.000;0.000;1.000;
22.03.2026 10:25:00;902.304;1346.085;821.396;1222.292;2.221;2.005;15.537;720.863;0.000;0.000;0.000;0.000;1.000;
22.03.2026 10:30:00;902.313;1346.124;774.412;1243.513;2.218;1.987;15.466;711.444;0.000;0.000;0.000;0.000;1.000;
22.03.2026 10:35:00;902.172;1278.252;752.477;1277.668;2.216;1.977;15.547;693.067;0.000;0.000;0.000;0.000;1.000;
22.03.2026 10:40:00;902.266;1278.251;684.588;1300.826;2.214;1.972;15.453;685.397;0.000;0.000;0.000;0.000;1.000;
22.03.2026 10:45:00;902.260;1278.268;709.398;1326.747;2.212;1.960;15.434;699.328;0.000;0.000;0.000;0.000;1.000;
22.03.2026 10:50:00;902.349;1197.624;747.914;1320.223;2.210;1.948;15.601;717.303;0.000;0.000;0.000;0.000;1.000;
22.03.2026 10:55:00;902.286;1197.624;769.767;1321.307;2.208;1.932;15.479;748.442;0.000;0.000;0.000;0.000;1.000;
22.03.2026 11:00:00;902.242;1197.624;759.594;1311.870;2.207;1.914;15.702;773.468;0.000;0.000;0.000;0.000;1.000;
22.03.2026 11:05:00;902.275;1142.499;824.046;1294.871;2.206;1.897;15.763;800.488;0.000;0.000;0.000;0.000;1.000;
22.03.2026 11:10:00;902.251;1142.499;765.747;1271.329;2.204;1.884;15.972;810.008;0.000;0.000;0.000;0.000;1.000;
22.03.2026 11:15:00;902.251;1142.499;791.835;1248.141;2.203;1.878;15.613;906.774;0.000;0.000;0.000;0.000;1.000;
22.03.2026 11:20:00;902.380;1106.257;824.097;1207.893;2.202;1.872;15.729;1105.424;0.000;0.000;0.000;0.000;1.000;
22.03.2026 11:25:00;902.251;1106.241;812.052;1180.325;2.201;1.870;15.925;1159.844;0.000;0.000;0.000;0.000;1.000;
22.03.2026 11:30:00;902.267;1106.128;743.265;1149.353;2.200;1.877;15.948;1184.064;0.000;0.000;0.000;0.000;1.000;
22.03.2026 11:35:00;902.249;1094.874;792.028;1130.800;2.199;1.890;15.892;1194.538;0.000;0.000;0.000;0.000;1.000;
22.03.2026 11:40:00;902.271;1094.822;774.329;1105.609;2.198;1.907;15.840;1201.127;0.000;0.000;0.000;0.000;1.000;
22.03.2026 11:45:00;902.313;1094.874;770.315;1088.990;2.197;1.919;15.871;1197.380;0.000;0.000;0.000;0.000;1.000;
22.03.2026 11:50:00;753.249;1131.624;726.448;1074.757;2.197;1.938;15.797;1192.310;0.000;0.000;0.000;0.000;1.000;
22.03.2026 11:55:00;753.229;1131.624;768.123;1065.736;2.196;1.961;15.910;1194.469;0.000;0.000;0.000;0.000;1.000;
22.03.2026 12:00:00;753.249;1131.624;668.049;1055.731;2.195;1.977;15.870;1200.218;0.000;0.000;0.000;0.000;1.000;
22.03.2026 12:05:00;652.999;1091.499;694.482;1051.387;2.194;2.001;16.011;1209.384;0.000;0.000;0.000;0.000;1.000;
22.03.2026 12:10:00;652.995;1091.499;694.089;1046.847;2.193;2.025;16.009;1216.639;0.000;0.000;0.000;0.000;1.000;
22.03.2026 12:15:00;652.999;1091.499;614.170;1041.623;2.193;2.045;15.940;1235.695;0.000;0.000;0.000;0.000;1.000;
22.03.2026 12:20:00;652.999;1019.876;668.363;1054.979;2.192;2.083;15.870;1258.221;0.000;0.000;0.000;0.000;1.000;
22.03.2026 12:25:00;652.999;1019.875;662.249;1072.034;2.191;2.113;15.866;1278.747;0.000;0.000;0.000;0.000;1.000;
22.03.2026 12:30:00;652.999;1019.875;638.497;1080.098;2.190;2.128;15.827;1307.980;0.000;0.000;0.000;0.000;1.000;
22.03.2026 12:35:00;652.999;953.876;557.941;1089.223;2.189;2.142;15.709;1332.207;0.000;0.000;0.000;0.000;1.000;
22.03.2026 12:40:00;652.999;953.876;587.263;1096.156;2.188;2.153;15.888;1316.466;0.000;0.000;0.000;0.000;1.000;
22.03.2026 12:45:00;652.999;953.876;584.066;1096.274;2.188;2.166;15.917;1259.910;0.000;0.000;0.000;0.000;1.000;
22.03.2026 12:50:00;652.999;902.418;671.180;1096.284;2.187;2.175;15.709;1120.773;0.000;0.000;0.000;0.000;1.000;
22.03.2026 12:55:00;652.999;902.057;634.393;1094.739;2.186;2.179;15.702;976.832;0.000;0.000;0.000;0.000;1.000;
22.03.2026 13:00:00;652.999;902.567;766.637;1086.674;2.185;2.190;15.671;981.732;0.000;0.000;0.000;0.000;1.000;
22.03.2026 13:05:00;652.999;963.282;639.034;1082.560;2.184;2.202;15.887;989.269;0.000;0.000;0.000;0.000;1.000;
22.03.2026 13:10:00;652.996;963.251;532.846;1073.200;2.183;2.213;15.877;970.012;0.000;0.000;0.000;0.000;1.000;
22.03.2026 13:15:00;652.999;963.414;645.166;883.186;2.184;2.220;15.920;952.492;0.000;0.000;1.000;0.000;0.000;
22.03.2026 13:20:00;652.999;969.667;641.813;418.543;2.190;2.218;15.813;918.598;0.000;0.000;1.000;0.000;0.000;
22.03.2026 13:25:00;652.999;969.404;666.897;403.470;2.201;2.218;15.738;914.208;0.000;0.000;1.000;0.000;0.000;
22.03.2026 13:30:00;652.999;969.347;635.014;368.408;2.212;2.219;15.691;940.589;0.000;0.000;1.000;0.000;0.000;
22.03.2026 13:35:00;652.997;933.999;603.478;349.813;2.221;2.230;15.713;1037.267;0.000;0.000;1.000;0.000;0.000;
22.03.2026 13:40:00;652.999;933.999;567.452;318.698;2.229;2.241;15.690;1091.365;0.000;0.000;1.000;0.000;0.000;
22.03.2026 13:45:00;652.999;933.877;531.412;298.789;2.236;2.257;15.642;1099.940;0.000;0.000;1.000;0.000;0.000;
22.03.2026 13:50:00;652.999;920.871;657.092;461.763;2.241;2.275;15.653;1091.622;0.000;0.000;1.000;0.000;0.000;
22.03.2026 13:55:00;652.999;920.874;595.565;326.484;2.244;2.303;15.655;1074.456;0.000;0.000;1.000;0.000;0.000;
22.03.2026 14:00:00;652.963;920.874;551.781;304.397;2.247;2.323;15.611;1056.223;0.000;0.000;1.000;0.000;0.000;
22.03.2026 14:05:00;652.999;942.999;597.820;378.979;2.249;2.365;15.598;1046.134;0.000;0.000;1.000;0.000;0.000;
22.03.2026 14:10:00;652.999;942.999;684.963;445.606;2.250;2.393;15.676;1033.310;0.000;0.000;1.000;0.000;0.000;
22.03.2026 14:15:00;652.999;942.999;635.972;388.216;2.252;2.410;15.641;1020.277;0.000;0.000;1.000;0.000;0.000;
22.03.2026 14:20:00;652.936;919.368;587.589;317.972;2.253;2.427;15.539;1005.463;0.000;0.000;1.000;0.000;0.000;
22.03.2026 14:25:00;652.999;919.367;746.359;506.286;2.253;2.445;15.600;980.659;0.000;0.000;1.000;0.000;0.000;
22.03.2026 14:30:00;652.999;919.374;707.987;517.372;2.252;2.461;15.639;933.628;0.000;0.000;1.000;0.000;0.000;
22.03.2026 14:35:00;652.999;937.372;752.710;504.457;2.252;2.482;15.423;858.271;0.000;0.000;1.000;0.000;0.000;
22.03.2026 14:40:00;652.999;937.374;748.737;523.030;2.252;2.489;15.385;804.363;0.000;0.000;1.000;0.000;0.000;
22.03.2026 14:45:00;652.999;937.373;798.555;557.284;2.251;2.505;15.296;760.941;0.000;0.000;1.000;0.000;0.000;
22.03.2026 14:50:00;652.999;957.648;759.772;480.724;2.250;2.516;15.237;732.105;0.000;0.000;1.000;0.000;0.000;
22.03.2026 14:55:00;652.999;957.426;885.862;616.682;2.249;2.528;15.236;678.803;0.000;0.000;1.000;0.000;0.000;
22.03.2026 15:00:00;652.999;957.626;721.748;458.212;2.249;2.538;15.144;648.166;0.000;0.000;1.000;0.000;0.000;
22.03.2026 15:05:00;652.999;959.806;813.107;579.568;2.249;2.553;15.126;615.520;0.000;0.000;1.000;0.000;0.000;
22.03.2026 15:10:00;652.991;959.547;719.926;449.615;2.250;2.562;15.100;581.054;0.000;0.000;1.000;0.000;0.000;
22.03.2026 15:15:00;652.999;959.581;713.698;428.555;2.251;2.572;15.100;562.407;0.000;0.000;1.000;0.000;0.000;
22.03.2026 15:20:00;652.892;971.120;875.057;481.647;2.251;2.610;15.011;523.886;0.000;0.000;1.000;0.000;0.000;
22.03.2026 15:25:00;652.999;970.574;782.740;522.354;2.251;2.631;14.979;480.674;0.000;0.000;1.000;0.000;0.000;
22.03.2026 15:30:00;652.999;970.672;819.682;544.223;2.251;2.651;14.867;447.201;0.000;0.000;1.000;0.000;0.000;
22.03.2026 15:35:00;652.999;1045.163;878.652;554.976;2.252;2.665;14.799;427.999;0.000;0.000;1.000;0.000;0.000;
22.03.2026 15:40:00;652.999;1044.829;817.538;487.327;2.253;2.675;14.737;413.634;0.000;0.000;1.000;0.000;0.000;
22.03.2026 15:45:00;652.999;1045.181;887.634;535.919;2.255;2.687;14.714;404.822;0.000;0.000;1.000;0.000;0.000;
22.03.2026 15:50:00;652.998;1116.019;938.483;520.275;2.256;2.709;14.536;412.222;0.000;0.000;1.000;0.000;0.000;
22.03.2026 15:55:00;652.979;1116.906;924.864;497.252;2.256;2.718;14.564;429.455;0.000;0.000;1.000;0.000;0.000;
22.03.2026 16:00:00;652.999;1116.041;954.855;550.376;2.257;2.717;14.525;449.660;0.000;0.000;1.000;0.000;0.000;
22.03.2026 16:05:00;652.999;1229.663;1062.245;512.552;2.258;2.716;14.480;480.538;0.000;0.000;1.000;0.000;0.000;
22.03.2026 16:10:00;652.999;1229.930;1063.926;534.830;2.259;2.709;14.496;469.054;0.000;0.000;1.000;0.000;0.000;
22.03.2026 16:15:00;652.999;1229.748;1359.029;800.980;2.257;2.718;14.505;289.471;0.000;0.000;1.000;0.000;0.000;
22.03.2026 16:20:00;652.999;1327.749;1263.020;577.734;2.256;2.719;14.330;454.919;0.000;0.000;1.000;0.000;0.000;
22.03.2026 16:25:00;652.980;1327.749;1429.498;811.252;2.255;2.714;14.317;155.177;0.000;0.000;1.000;0.000;0.000;
22.03.2026 16:30:00;652.936;1327.749;1363.090;657.410;2.253;2.707;14.100;170.358;0.000;0.000;1.000;0.000;0.000;
22.03.2026 16:35:00;753.249;1410.240;1383.589;746.440;2.253;2.695;13.900;258.970;0.000;0.000;1.000;0.000;0.000;
22.03.2026 16:40:00;753.249;1410.249;1417.583;821.463;2.252;2.685;13.799;129.961;0.000;0.000;1.000;0.000;0.000;
22.03.2026 16:45:00;753.249;1410.249;1449.925;902.610;2.250;2.680;13.784;120.169;0.000;0.000;1.000;0.000;0.000;
22.03.2026 16:50:00;902.266;1496.126;1496.523;933.147;2.247;2.693;13.691;96.574;0.000;0.000;1.000;0.000;0.000;
22.03.2026 16:55:00;902.304;1496.124;1568.455;982.261;2.245;2.691;13.582;81.673;0.000;0.000;1.000;0.000;0.000;
22.03.2026 17:00:00;902.335;1496.140;1527.643;960.157;2.242;2.684;13.492;79.961;0.000;0.000;1.000;0.000;0.000;
22.03.2026 17:05:00;902.253;1624.373;1653.230;948.245;2.242;2.676;13.388;119.780;0.000;0.000;1.000;0.000;0.000;
22.03.2026 17:10:00;902.251;1624.374;1703.684;1017.189;2.240;2.666;13.314;123.257;0.000;0.000;1.000;0.000;0.000;
22.03.2026 17:15:00;902.317;1624.374;1702.687;963.023;2.239;2.656;13.293;108.124;0.000;0.000;1.000;0.000;0.000;
22.03.2026 17:20:00;1102.529;1694.124;1698.639;1132.951;2.237;2.650;13.279;96.091;0.000;0.000;1.000;0.000;0.000;
22.03.2026 17:25:00;1102.531;1694.124;1650.770;1060.200;2.234;2.644;13.145;89.171;0.000;0.000;1.000;0.000;0.000;
22.03.2026 17:30:00;1102.501;1694.124;1740.976;1201.417;2.231;2.640;13.106;76.998;0.000;0.000;1.000;0.000;0.000;
22.03.2026 17:35:00;1302.844;1756.374;1859.128;1384.085;2.226;2.644;13.040;65.369;0.000;0.000;1.000;0.000;0.000;
22.03.2026 17:40:00;1303.158;1756.374;1783.241;1351.976;2.221;2.660;13.017;55.463;0.000;0.000;1.000;0.000;0.000;
22.03.2026 17:45:00;1303.125;1756.374;1879.168;1386.844;2.216;2.659;12.999;49.907;0.000;0.000;1.000;0.000;0.000;
22.03.2026 17:50:00;1402.977;1835.124;1892.518;1494.631;2.212;2.651;12.815;44.986;0.000;0.000;1.000;0.000;0.000;
22.03.2026 17:55:00;1402.896;1835.124;1842.433;1434.987;2.208;2.639;12.815;43.282;0.000;0.000;1.000;0.000;0.000;
22.03.2026 18:00:00;1402.752;1835.123;1879.910;1521.853;2.204;2.625;12.730;39.027;0.000;0.000;1.000;0.000;0.000;
22.03.2026 18:05:00;1403.062;1904.499;1926.420;1452.489;2.201;2.612;12.583;32.400;0.000;0.000;1.000;0.000;0.000;
22.03.2026 18:10:00;1402.812;1904.499;1913.912;1427.432;2.198;2.596;12.497;27.449;0.000;0.000;1.000;0.000;0.000;
22.03.2026 18:15:00;1402.854;1904.499;1992.964;1535.341;2.195;2.583;12.400;19.125;0.000;0.000;1.000;0.000;0.000;
22.03.2026 18:20:00;1402.834;1941.870;2019.781;1471.909;2.191;2.572;12.185;14.175;0.000;0.000;1.000;0.000;0.000;
22.03.2026 18:25:00;1402.887;1942.949;1982.212;1442.702;2.187;2.564;12.087;11.017;0.000;0.000;1.000;0.000;0.000;
22.03.2026 18:30:00;1403.183;1941.920;1958.743;1517.732;2.183;2.560;12.075;8.711;0.000;0.000;1.000;0.000;0.000;
22.03.2026 18:35:00;1403.139;1997.874;2062.935;1496.412;2.179;2.555;11.886;6.793;0.000;0.000;1.000;0.000;0.000;
22.03.2026 18:40:00;1402.919;1997.908;2042.215;1540.139;2.173;2.557;11.797;4.838;0.000;0.000;1.000;0.000;0.000;
22.03.2026 18:45:00;1402.961;1997.823;2062.606;1485.775;2.168;2.556;11.689;3.036;0.000;0.000;1.000;0.000;0.000;
22.03.2026 18:50:00;1402.927;2045.499;2056.098;1461.231;2.164;2.566;11.584;1.849;0.000;0.000;1.000;0.000;0.000;
22.03.2026 18:55:00;1403.031;2045.499;2095.271;1475.604;2.161;2.569;11.499;1.015;0.000;0.000;1.000;0.000;0.000;
22.03.2026 19:00:00;1402.971;2045.499;2043.771;1447.213;2.157;2.566;11.436;0.447;0.000;0.000;1.000;0.000;0.000;
22.03.2026 19:05:00;1402.978;2065.748;2063.839;1437.026;2.152;2.555;11.368;0.450;0.000;0.000;1.000;0.000;0.000;
22.03.2026 19:10:00;1402.914;2065.748;2097.917;1483.995;2.149;2.545;11.289;0.450;0.000;0.000;1.000;0.000;0.000;
22.03.2026 19:15:00;1403.131;2065.748;2064.342;1432.495;2.145;2.537;11.259;0.450;0.000;0.000;1.000;0.000;0.000;
22.03.2026 19:20:00;1402.868;2049.248;2062.904;1485.933;2.140;2.528;11.199;0.450;0.000;0.000;1.000;0.000;0.000;
22.03.2026 19:25:00;1402.928;2049.248;2103.256;1436.439;2.136;2.522;11.054;0.450;0.000;0.000;1.000;0.000;0.000;
22.03.2026 19:30:00;1402.968;2049.061;2020.370;1417.161;2.132;2.514;11.114;0.450;0.000;0.000;1.000;0.000;0.000;
22.03.2026 19:35:00;1402.969;2009.137;1947.611;1413.792;2.128;2.510;11.000;0.450;0.000;0.000;1.000;0.000;0.000;
22.03.2026 19:40:00;1403.261;2009.187;1972.879;1433.200;2.123;2.508;10.914;0.450;0.000;0.000;1.000;0.000;0.000;
22.03.2026 19:45:00;1402.962;2009.184;2095.443;1470.906;2.117;2.506;10.785;0.450;0.000;0.000;1.000;0.000;0.000;
22.03.2026 19:50:00;1402.985;1983.249;2131.385;1563.572;2.110;2.511;10.705;0.450;0.000;0.000;1.000;0.000;0.000;
22.03.2026 19:55:00;1402.911;1983.249;2046.640;1586.791;2.103;2.518;10.640;0.496;0.000;0.000;1.000;0.000;0.000;
22.03.2026 20:00:00;1402.878;1983.249;2072.621;1523.168;2.096;2.517;10.517;0.450;0.000;0.000;1.000;0.000;0.000;
22.03.2026 20:05:00;1402.972;2025.150;1998.049;1413.911;2.091;2.511;10.468;0.450;0.000;0.000;1.000;0.000;0.000;
22.03.2026 20:10:00;1402.860;2025.355;1942.109;1377.372;2.088;2.504;10.396;0.450;0.000;0.000;1.000;0.000;0.000;
22.03.2026 20:15:00;1403.020;2025.576;1965.061;1342.463;2.085;2.493;10.225;0.491;0.000;0.000;1.000;0.000;0.000;
22.03.2026 20:20:00;1402.837;1986.999;1893.969;1388.596;2.082;2.488;10.180;0.450;0.000;0.000;1.000;0.000;0.000;
22.03.2026 20:25:00;1403.137;1987.017;1963.088;1365.338;2.078;2.482;10.142;0.491;0.000;0.000;1.000;0.000;0.000;
22.03.2026 20:30:00;1402.840;1986.999;1807.839;1234.295;2.076;2.475;10.006;0.450;0.000;0.000;1.000;0.000;0.000;
22.03.2026 20:35:00;1402.864;1940.239;1821.291;1358.613;2.074;2.470;9.851;0.450;0.000;0.000;1.000;0.000;0.000;
22.03.2026 20:40:00;1402.867;1939.820;1877.923;1357.482;2.071;2.469;9.682;0.450;0.000;0.000;1.000;0.000;0.000;
22.03.2026 20:45:00;1402.920;1939.961;1848.396;1351.744;2.067;2.467;9.552;0.456;0.000;0.000;1.000;0.000;0.000;
22.03.2026 20:50:00;1402.893;1891.710;1741.400;1304.995;2.064;2.466;9.480;0.455;0.000;0.000;1.000;0.000;0.000;
22.03.2026 20:55:00;1403.050;1891.749;1742.066;1312.471;2.061;2.464;9.292;0.450;0.000;0.000;1.000;0.000;0.000;
22.03.2026 21:00:00;1402.947;1891.578;1746.398;1324.409;2.058;2.463;9.172;0.450;0.000;0.000;1.000;0.000;0.000;
22.03.2026 21:05:00;1302.870;1990.749;1913.909;1228.237;2.057;2.455;9.015;0.450;0.000;0.000;1.000;0.000;0.000;
22.03.2026 21:10:00;1303.126;1990.751;1940.651;1313.447;2.055;2.455;8.992;0.450;0.000;0.000;1.000;0.000;0.000;
22.03.2026 21:15:00;1303.038;1990.749;1959.176;1308.972;2.052;2.454;8.960;0.450;0.000;0.000;1.000;0.000;0.000;
22.03.2026 21:20:00;1202.617;2018.208;1925.376;1156.554;2.051;2.449;8.967;0.450;0.000;0.000;1.000;0.000;0.000;
22.03.2026 21:25:00;1202.801;2018.182;1921.727;1161.137;2.051;2.440;8.895;0.452;0.000;0.000;1.000;0.000;0.000;
22.03.2026 21:30:00;1203.014;2018.135;1938.302;1178.183;2.051;2.432;8.748;0.450;0.000;0.000;1.000;0.000;0.000;
22.03.2026 21:35:00;1102.478;1959.384;1827.586;977.394;2.052;2.426;8.700;0.450;0.000;0.000;1.000;0.000;0.000;
22.03.2026 21:40:00;1102.505;1959.337;1837.804;1018.118;2.055;2.416;8.682;0.450;0.000;0.000;1.000;0.000;0.000;
22.03.2026 21:45:00;1102.524;1959.395;1771.703;994.497;2.058;2.409;8.686;0.453;0.000;0.000;1.000;0.000;0.000;
22.03.2026 21:50:00;1002.253;1880.479;1720.981;851.695;2.062;2.402;8.602;0.451;0.000;0.000;1.000;0.000;0.000;
22.03.2026 21:55:00;1002.505;1880.443;1748.957;917.846;2.066;2.396;8.357;0.450;0.000;0.000;1.000;0.000;0.000;
22.03.2026 22:00:00;1002.251;1880.525;1698.839;872.422;2.070;2.394;8.398;0.450;0.000;0.000;1.000;0.000;0.000;
22.03.2026 22:05:00;902.449;1805.135;1747.801;867.576;2.075;2.394;8.544;0.450;0.000;0.000;1.000;0.000;0.000;
22.03.2026 22:10:00;902.355;1804.960;1766.328;879.577;2.078;2.398;8.606;0.450;0.000;0.000;1.000;0.000;0.000;
22.03.2026 22:15:00;902.346;1805.262;1683.316;792.534;2.082;2.403;8.657;0.450;0.000;0.000;1.000;0.000;0.000;
22.03.2026 22:20:00;902.399;1767.249;1610.119;837.365;2.087;2.410;8.400;0.450;0.000;0.000;1.000;0.000;0.000;
22.03.2026 22:25:00;902.487;1767.249;1616.007;811.384;2.091;2.416;8.302;0.450;0.000;0.000;1.000;0.000;0.000;
22.03.2026 22:30:00;902.275;1767.249;1586.215;797.183;2.096;2.425;8.292;0.414;0.000;0.000;1.000;0.000;0.000;
22.03.2026 22:35:00;902.325;1842.249;1778.171;766.340;2.102;2.431;8.340;0.450;0.000;0.000;1.000;0.000;0.000;
22.03.2026 22:40:00;902.416;1842.249;1757.577;889.531;2.105;2.462;8.381;0.450;0.000;0.000;1.000;0.000;0.000;
22.03.2026 22:45:00;902.339;1842.249;1733.554;865.149;2.109;2.472;8.397;0.450;0.000;0.000;1.000;0.000;0.000;
22.03.2026 22:50:00;902.484;1864.376;1732.324;775.672;2.114;2.472;8.391;0.450;0.000;0.000;1.000;0.000;0.000;
22.03.2026 22:55:00;902.473;1864.396;1731.470;815.965;2.119;2.469;8.387;0.451;0.000;0.000;1.000;0.000;0.000;
22.03.2026 23:00:00;902.438;1864.376;1662.798;744.328;2.127;2.465;8.317;0.450;0.000;0.000;1.000;0.000;0.000;
22.03.2026 23:05:00;902.393;1895.177;1843.995;785.717;2.134;2.460;8.315;0.450;0.000;0.000;1.000;0.000;0.000;
22.03.2026 23:10:00;902.450;1895.410;1822.412;826.942;2.138;2.462;8.375;0.450;0.000;0.000;1.000;0.000;0.000;
22.03.2026 23:15:00;902.358;1895.448;1772.019;839.586;2.142;2.464;8.123;0.450;0.000;0.000;1.000;0.000;0.000;
22.03.2026 23:20:00;902.251;1868.277;1752.683;818.352;2.147;2.468;8.000;0.450;0.000;0.000;1.000;0.000;0.000;
22.03.2026 23:25:00;902.337;1868.420;1737.826;843.418;2.151;2.472;7.836;0.450;0.000;0.000;1.000;0.000;0.000;
22.03.2026 23:30:00;902.275;1868.292;1704.472;797.291;2.156;2.475;7.948;0.450;0.000;0.000;1.000;0.000;0.000;
22.03.2026 23:35:00;902.274;1798.419;1651.321;844.606;2.160;2.479;7.950;0.447;0.000;0.000;1.000;0.000;0.000;
22.03.2026 23:40:00;902.343;1798.415;1580.762;765.896;2.165;2.481;8.027;0.450;0.000;0.000;1.000;0.000;0.000;
22.03.2026 23:45:00;902.533;1798.689;1562.740;767.684;2.171;2.483;8.052;0.466;0.000;0.000;1.000;0.000;0.000;
22.03.2026 23:50:00;902.213;1741.381;1592.557;770.153;2.177;2.485;8.121;0.450;0.000;0.000;1.000;0.000;0.000;
22.03.2026 23:55:00;902.424;1741.598;1656.123;867.185;2.180;2.495;8.262;0.450;0.000;0.000;1.000;0.000;0.000;
23.03.2026 00:00:00;902.311;1741.400;1659.810;894.271;2.183;2.504;8.253;0.450;0.000;0.000;1.000;0.000;0.000;
